지역코드,거래연도,거래월,전용면적,층,건물연식,세대수,지하철거리_km,지역소득_백만원,학군점수,거래금액_만원
1,2020,5,129.19313140742133,31,2,486,2.4733759479564164,6.09877223599392,1.0670252179695296,76628
4,2015,3,120.46696140218458,15,3,830,2.5636012390631406,10.264941090091046,3.7167966048046774,89874
3,2023,3,49.90697879408641,9,24,1606,2.4077467013792715,8.197957335781997,1.306273033734156,53557
2,2015,1,37.07356643321915,23,37,1476,3.177218228297613,12.291632195335142,2.683044807063703,46731
0,2019,12,132.84706192919808,19,14,1126,0.45360851117465517,13.231019459260112,3.4067286560731844,81917
0,2018,8,145.22076494721716,9,20,1860,0.16308974170783253,9.499757018601118,4.748435779678708,90013
0,2017,2,24.069300787177113,35,34,1386,0.2885146420794943,12.099207504672709,2.2472085478230746,28431
3,2020,3,115.06510870657912,21,13,1354,2.221826746207572,6.68285415833484,1.9990886497860791,79039
2,2016,8,138.2381864232164,9,35,775,1.377739696097417,7.979654584800938,3.6166406171443937,85942
3,2017,8,131.4568119720248,28,11,80,3.110197811854969,11.553332114601972,3.4769561282143266,84752
0,2019,11,145.3876613951271,7,16,386,4.962211446873895,7.634543913804368,2.3284391332324983,76660
4,2023,4,118.81223019695263,16,38,232,1.9316158653823297,10.062059221907866,4.712407342039146,96859
3,2016,4,77.49883910951834,16,8,1096,2.8692062705225667,5.224473348990138,4.379449309958531,67262
1,2024,5,60.55375876436696,33,34,593,2.0780194795366773,10.197255779645975,1.8959301834603246,50531
0,2022,6,61.69655625695657,4,12,1519,4.236358338609297,13.338164486722723,1.9565701817380927,51389
0,2016,5,114.17494743983521,4,14,1147,4.5111820173111905,13.423675677881107,3.0492013875483224,69271
1,2019,7,116.95881156402535,17,17,1083,4.3867780610263,11.692132875954476,4.094288406922882,76858
2,2021,2,46.046688661332645,29,32,1557,4.871861193396288,11.949040548913512,1.1761615175538576,39380
1,2022,7,132.85596575376903,35,5,1529,0.13759592570207646,9.695129341808409,3.7733406149388267,89385
1,2015,10,112.9401252262922,7,26,1639,4.199080810727655,10.016017081989897,3.592943589528388,71115
2,2020,7,93.15753722463974,27,22,1637,3.7588608651954662,4.603806976926216,1.925920383651953,64748
0,2015,1,81.29921981332666,28,26,709,1.1434720470018238,8.326310261055614,3.725412052965395,60876
1,2016,7,90.62026475269455,22,33,209,4.781600466937638,8.409315406636367,4.76073276500833,67842
1,2015,5,40.70194597630438,14,37,1955,0.7408896411497273,14.501974028012881,1.187143379887074,42319
2,2019,3,46.48116240591565,7,13,1087,3.397749635669542,8.173042351479474,2.27860822116825,36916
3,2024,3,31.851383752804917,22,35,1251,1.1244510840795625,9.592111738833092,2.752706866665421,52478
0,2023,4,39.975544960944646,5,7,461,2.1569032438703735,9.39901679134923,4.597041435698758,46948
2,2020,12,78.98017249868676,2,34,1951,3.5957994847228445,10.641140604531927,4.849045786436626,61225
2,2015,2,88.94607118467329,27,18,1061,2.8166232101652335,11.97879397598275,2.776460985985329,72428
0,2015,2,22.322046022181517,21,29,102,2.1375091566405584,5.7005025140504655,4.000113648568765,23819
2,2016,1,123.58371762232358,15,13,457,1.6316921546599361,9.34469302918123,3.126644095057932,88527
0,2023,5,58.24183653465212,21,19,896,4.198298278543952,12.911012487792366,3.151131738965506,47350
0,2017,4,138.53868454478845,10,24,1095,0.7190717515740686,8.557376566050138,2.1123980602654258,73631
4,2015,11,145.77646426979112,23,39,1103,2.1505143826490003,6.341490556482876,1.867824983455518,92270
4,2019,10,44.109653707965066,5,23,752,4.518787858875711,10.85650890427559,2.1520213836961646,56832
3,2021,2,80.07264779953589,1,13,309,4.229247752299838,12.885208749589475,3.2253120290283173,70629
1,2020,3,20.160138571635365,13,25,1278,2.0047088123652337,3.757683515128696,1.116620744088356,28567
0,2015,7,97.7825444659155,21,37,1132,3.8155418180065412,12.321485800886725,4.628995777425623,62877
2,2019,7,98.94983827414725,26,22,1544,4.115804153544296,12.859775195541253,1.6251348381991049,71157
1,2019,12,52.18019422843877,21,21,825,4.444437120018149,8.538275131063282,1.8803547074855462,45042
0,2020,4,92.59364743581573,18,18,1539,2.72252884524614,14.799667881821609,3.0731047057905854,62416
2,2017,5,49.3202185176856,32,2,1085,1.022304430273559,12.44050008848771,3.8404590653491173,56756
0,2019,5,40.90731098016471,17,18,1704,1.2765453825196582,12.28395077874799,1.3829162189775892,44041
4,2021,6,104.6975306842944,35,8,2000,1.478473370208021,11.974062892944861,2.2707787901886487,92892
1,2019,9,62.370310313769735,11,27,1363,2.9690124040480774,4.807297238619288,4.874698422297429,52496
2,2019,2,96.73431205513091,21,19,899,0.1640481206430422,5.60677063743613,2.049371867123783,73024
1,2019,5,76.32207736631523,26,6,1833,3.1802123438998415,8.5678815775731,2.2522005802525875,49483
2,2024,12,147.9656829623775,4,13,403,1.82177119214116,6.168052199513591,4.345993962472134,89459
2,2024,3,39.44548354678355,34,8,1712,1.4762090124482108,7.982891668008485,1.200857726761821,40979
0,2017,4,80.39781756265532,18,18,1148,4.397482853640632,13.66156931907505,2.8584526752358834,69003
4,2015,10,108.45936142671228,35,13,922,2.3000119779039947,12.89192270255123,2.518467057806681,94892
3,2019,6,71.42086090439594,29,37,1789,0.4752652276634639,10.560478541759787,2.2663470396346046,64757
4,2023,12,146.71098074318968,29,35,1634,4.133733840131235,13.297444731013243,2.142798376179058,104762
3,2015,8,113.84539163050155,21,39,1664,0.238206287182533,12.40526866820699,1.3654964194416368,86902
2,2017,1,105.4079014833841,13,16,1514,3.6337461208409834,8.147819182090686,2.2593033174065953,76495
4,2018,10,118.41770478945904,17,29,1040,3.8695311088533257,5.4127818245993415,1.1722096108626743,86384
0,2015,8,143.8443229450332,9,8,1314,1.763013029644291,9.17041248011207,4.1238554545777415,84427
0,2015,11,138.0164248880032,1,32,1067,4.1239392813889335,11.8347465903426,2.5929111758320467,73586
0,2022,7,114.15709005643355,2,24,1934,2.5782970292822673,8.237035184755117,2.7756153292796464,62107
1,2016,1,117.3910130831668,29,13,1227,2.316468266363984,11.001262917406766,4.574378345800526,84724
1,2022,2,38.96986962456891,33,10,1859,0.22701640734346273,4.1319291154925235,3.632219935444883,45472
1,2021,3,33.363012584046544,10,34,1169,1.4501459682445295,11.976056836456841,1.0322364133684792,36964
3,2024,1,94.21758523974135,21,40,1799,4.655049854426499,12.752563438716745,4.772699291845139,73656
1,2024,9,22.387792802270198,28,13,343,1.9591198164175,11.482054269366493,1.9485778639108449,46814
1,2016,8,82.7063296017069,11,29,258,2.7335026027838416,14.607163050316387,1.4304567390394354,65884
2,2020,2,47.34544538945292,34,40,1416,2.660108394921259,12.919824689527685,4.072512713523529,62752
0,2020,9,64.98215379382914,8,3,1161,2.9521554491134667,13.83712473451846,3.0019092634668727,57825
3,2017,7,120.85461565308428,22,3,867,0.30665477821641307,14.202853001491777,2.7350822640720702,93889
0,2016,9,142.36087555021024,8,27,1849,1.8108812739936413,12.616175902485702,1.998012318730967,80630
4,2015,6,29.414115379024395,15,7,439,3.6156413694127707,11.091106104077989,3.1898859594492746,53045
3,2020,6,89.45148677693787,17,1,374,1.0028012553649146,3.0686229763294715,2.09753842081035,63858
0,2019,11,134.729353156548,23,40,989,1.0178918877318022,8.589909038677497,4.606332021148271,81744
0,2023,4,30.726109477254766,24,21,938,0.05045303344512364,9.853947583468333,1.8608179189327712,32315
3,2015,10,127.1868260965884,19,40,1905,2.1874096330410486,6.648363269375995,4.537420601823014,87278
3,2021,10,66.51417562067527,5,15,1230,4.41367190336711,6.817253362841665,3.237621702909428,65821
3,2019,2,61.87231128851359,32,28,717,0.25950471793654506,14.533912988521982,4.313952535580964,66888
3,2019,7,147.07063022092217,1,29,1724,0.9555935474800131,13.700530382432952,3.85138398344382,110460
0,2016,5,46.111681682098244,23,11,682,1.5504226917137753,13.19014806602045,3.7867804457469942,44634
1,2017,11,110.11521230694852,8,34,626,3.6586236828210645,7.872141620473327,2.297383230780223,71593
0,2021,6,126.78729464128264,13,10,1692,3.2031779640129328,3.1643826049069745,1.935587725888814,70357
3,2020,2,25.35385438630532,8,20,1732,2.0797195229092753,3.962666957468569,1.8435449107231525,46462
2,2016,5,107.15010958607358,23,20,186,3.7953446962918784,6.746356418611244,4.428766628238355,68906
1,2020,10,143.7014966661925,1,4,1996,3.0481550582845096,3.188914955948124,4.281707281036081,96731
0,2016,4,36.148595674647716,24,19,1747,4.480203998286095,3.2057973829823774,2.7622941120492293,30699
1,2016,9,136.50876934905497,35,36,477,4.090133745693465,13.999239619708932,1.5296184539858184,84552
1,2016,6,97.3209628590017,24,2,1525,1.2640680304460028,11.473902025428648,2.5290090079098335,80176
3,2017,2,100.15859564212163,17,32,661,1.3571928881710011,6.707471880817832,3.4773738165476455,72119
2,2016,1,99.68274273252877,5,8,1923,0.6267823789619281,4.5917349312114375,2.8176126179198113,74925
3,2018,5,58.8486652238508,20,8,960,1.6848236285872824,9.139628614740925,4.12075707393198,61446
2,2023,9,141.57623598892974,21,3,868,4.9977195935954715,3.0641539302523735,4.990491289005542,94736
0,2020,6,143.15556014203503,31,34,190,2.028755843075305,14.260964926297728,1.7645283537955874,77839
3,2015,10,101.28960582781322,11,16,1156,1.102442173445532,7.977781432667367,2.8386032786382898,77930
3,2022,12,121.8449543724099,15,33,226,3.812414422377765,7.828019462847993,2.723935607683288,81989
2,2021,7,99.59353816455054,19,23,247,2.71235501731328,7.687123290981386,2.2179701309958033,72156
3,2024,5,82.97179818462527,7,31,673,0.7480072476347627,3.831939964653177,1.7923820668811583,72700
2,2017,10,105.90661537890259,28,0,1641,1.9034484058043288,10.65986687750192,1.262768465958637,73816
2,2015,6,91.8901888369546,5,7,740,2.0723485776967165,11.796043435540241,4.548477268894794,81185
1,2019,5,97.67186214215091,5,22,1494,3.769148502846093,11.113504771059484,2.6793947907452704,76499
0,2018,11,121.89823194445205,30,39,450,0.10335684445952231,4.661225919952732,2.9875820740001955,69883
0,2024,9,82.51749808836803,32,11,1771,1.3450982339915525,9.94608201642711,4.667768192803663,61330
0,2022,6,25.29803379202146,8,11,520,2.58798150657761,9.833813810067046,4.105161910063791,28760
2,2015,11,41.31993252863464,10,14,267,1.3442337122642167,13.420929455296584,1.5220050564687368,59807
1,2024,8,77.01893814363999,32,40,1998,3.1421702370949944,7.549531900507764,3.2616798704309695,54805
2,2015,2,114.22745278362758,28,18,978,2.409337396373083,7.457831323913211,2.7690091060782365,71576
4,2018,12,97.12622428032324,17,25,1901,1.808551274297903,10.422324704618227,4.188844290315052,79255
1,2022,9,104.53824416354901,31,28,1802,4.746043134352561,10.596871841994156,3.896930190447797,65854
1,2019,5,82.30626071491736,8,21,681,3.160797495932287,8.631422727909484,3.761622887644288,66106
3,2016,7,100.04646285249157,25,39,1000,0.6497068613397061,8.316712347965053,2.3621793419195876,79535
1,2020,10,62.77226691590609,9,20,955,2.8004584872169773,8.929772047654591,4.219854921597018,58698
0,2019,1,81.12373705056646,2,37,224,3.903659266004505,13.332543594039743,1.2095651823794449,51865
1,2016,10,116.75627852734422,15,19,72,3.5424484874639868,8.53400281504692,1.638499605728669,64943
0,2017,5,133.33826126650575,3,28,1798,0.8604461464762969,14.279181503637869,2.342493091911647,76063
4,2023,12,76.37519341433055,4,3,1990,4.862099995200516,9.048045163155912,1.3072297642771251,64956
3,2021,10,25.676015501956954,14,6,284,2.24406822873303,14.390408318170696,1.9399771101387664,54111
2,2021,2,41.01743073908435,25,27,1086,0.7951250187013065,12.993982822428908,4.3206039319916725,49640
3,2020,12,22.711948107899953,10,27,1174,0.9009787706407396,7.349175871389949,4.793006151160317,44645
3,2022,6,104.92419250085291,21,3,978,0.4911749609454025,13.363697055559392,2.218409423096762,84386
0,2018,11,63.20090129616416,12,21,1609,4.017590542174672,4.320759410413382,2.058063215955353,33097
3,2022,1,90.52222264351778,27,11,1949,0.6101524716092432,14.100566104116174,2.1195706089857076,79247
2,2018,3,84.12599008189395,2,2,572,0.6256262857087347,10.5797221809947,2.1108763494033753,68031
3,2022,5,30.59844364181547,13,21,1858,4.252358073804189,3.652688982267734,1.143720728743892,44803
3,2023,4,72.42397694609814,32,1,1525,1.723020422237798,10.731080683809738,4.707665385324432,70749
1,2017,3,48.672946239902025,31,23,480,0.15428952154036224,14.690971849737073,1.8547925662813136,46429
0,2017,10,74.39197252679486,16,33,842,0.2594764975920544,3.837607855375547,2.6800162963256198,46991
1,2016,5,46.46517644449155,32,26,1679,0.7108522335194778,9.656252517361036,1.038747530963871,40055
1,2024,11,129.25881281600135,32,40,1786,1.0669667398784477,11.973532197112469,4.431820363660229,85053
3,2017,8,42.64513375517298,34,0,582,3.325730971192027,12.723103040394376,3.924629377819669,52218
3,2017,11,144.901471693307,11,7,1925,0.7866314000091412,7.96592958384955,4.787024140694813,97786
0,2019,4,74.0679575991023,10,22,1028,0.59437195588536,5.449998710018916,4.126461916785596,49306
2,2019,1,130.0118879624764,15,37,1796,3.8235957073813958,3.508107345268606,2.254826048208261,76715
1,2016,11,101.73942636677286,17,5,1725,3.355276419299572,9.956713885166696,1.9914934349136946,65508
1,2024,7,115.59553882654784,18,21,1366,2.1766211072761807,8.43493284321133,3.790865230213172,67597
0,2020,8,119.80410544868144,9,24,859,2.7465488574005197,14.384932741796533,2.4564511000419977,72522
1,2019,3,85.62983464609232,25,17,962,1.5599201016320925,3.7272588925789174,3.2648600630104663,62599
4,2020,6,90.62906803722748,14,16,1174,2.4125021011768033,11.22474412135207,1.025029884105881,76930
1,2015,2,86.81946281513424,25,11,1575,2.533363244913729,3.299594665440686,1.247542806721901,54030
2,2019,7,96.4475891517103,22,5,1377,1.9361863558904795,5.057210120526513,3.141471764726605,67101
3,2023,8,23.821277948345948,30,25,920,4.532861053360814,8.44294799907401,3.2642865857926604,44685
1,2024,6,71.41697208037198,20,26,589,0.08030932490503073,8.458469313634419,4.0058117778373745,55976
4,2016,6,98.8045327629523,21,7,1073,3.910856315456231,11.228406515203726,1.527861278495847,81114
4,2015,5,97.70406348326236,32,18,1626,0.6219141562066216,13.92255641841308,3.052732335027115,93518
1,2024,8,123.0842922987321,21,0,1428,3.987736802685997,10.66838590697905,1.7777905777267544,72022
2,2023,1,105.15121404817411,35,28,1376,3.079559578383606,14.442421174218106,1.3727844782507788,73749
1,2024,10,148.97733112428742,32,34,1569,4.216390454682012,13.579387678535971,2.6419831762422183,79233
1,2023,4,56.901088719123855,30,39,1731,0.4875716282044873,10.013997546369483,1.653346592356229,50553
0,2023,4,66.6896338566101,12,13,1841,2.7949031704988703,13.005503411025927,1.8871279127692744,46999
2,2020,3,69.90012974281352,18,34,276,2.5054394013109853,10.710931323883608,2.270218319478007,62489
2,2022,3,80.55566491263231,21,19,1309,3.530965914816793,3.9426939710847257,2.037553602972785,49866
0,2015,4,128.67974829155725,13,12,922,2.6714527594683792,11.886776679114119,1.3503651896237856,77163
1,2024,11,50.652972214697286,21,37,941,2.703672835665521,4.1389012952081545,1.3596649794388092,45287
4,2018,1,120.88002691460584,8,7,1528,2.1479797178803235,10.12899336683655,1.7729976609366727,87202
1,2015,11,72.69032380114663,7,19,1086,1.5441721200367042,11.431682470298746,1.2022367518381558,52380
0,2022,11,98.2411998760611,23,32,259,2.411321806260961,3.798331298530263,3.5058280787077085,53590
2,2015,2,102.23026931941979,32,25,790,0.5924617938420029,5.769535847118381,2.149306866035608,67713
4,2017,9,68.47032283456147,11,38,446,4.807566694915424,13.988066787139799,2.118983871076284,70490
1,2018,10,86.63997667675467,22,20,1173,3.5720538181329915,10.395773906794757,2.3279931769510607,59436
2,2022,2,73.6940527042006,22,40,80,4.762335583439234,5.955432225726379,3.6511850968388866,49285
3,2020,5,28.987262204260528,25,8,947,1.1336369116498162,11.28815725377608,4.482535525933962,46507
1,2024,9,76.83150054618744,22,23,1601,4.39670510088264,10.161317039540275,4.036347730222554,68357
3,2021,9,32.66114103196178,28,36,698,4.043949922817692,9.01890839901538,3.91011692090038,56528
1,2022,8,72.6527038804418,29,40,378,3.3857620622883684,14.714243699857004,2.937564742403397,61610
2,2016,1,97.07939197813164,13,16,1239,3.1251459304260285,11.201445328890106,3.775222227869647,69540
2,2024,1,95.32393691465509,18,23,1532,1.5827483263393498,7.505293316014952,3.2110494721343326,73314
2,2022,9,106.14076627108165,2,20,1895,4.0820539248251535,12.600881184922416,1.8650021127461156,77217
0,2017,11,32.383996034101415,29,38,1001,2.507577307398669,13.614999515054253,1.8343534709642029,34585
3,2021,8,104.77602191895693,21,40,1173,0.3544578794564268,4.502646714201977,2.1855680275011338,72903
1,2017,10,60.57924737053812,15,38,670,1.56431580427565,5.406635734143197,4.6432106838792535,57554
0,2021,9,71.87597299782445,27,12,1928,4.676485492726638,5.594724109533356,3.1896593615189035,41469
0,2016,7,131.53821300995173,31,10,1246,4.253401303024232,11.294541712638484,3.9356215080074777,85435
2,2024,3,21.173952536841533,15,18,1822,4.909528490382696,10.2364746606394,2.3862350392661904,36208
2,2020,3,96.4936423342787,23,10,211,3.1399669130204906,10.427898776383058,2.630863082660901,66169
0,2017,2,97.83281741301398,24,12,1978,1.23755036570206,14.289279596274012,1.5022623145490055,61777
2,2017,5,71.56577092466306,13,0,1801,0.8140752483843189,12.310938393687671,1.6851798312866815,60537
1,2023,12,50.813621424083706,22,39,825,0.9345722030423081,4.535243094141398,4.309426219304582,40920
2,2021,12,50.507624974001644,33,18,1336,0.09897829173627193,7.170084989102172,3.3393545267555282,63459
0,2019,3,134.88225705589784,3,11,1877,1.9534105549296958,8.224723754108828,2.3501298635352756,79423
2,2024,6,77.46316859177148,19,7,323,0.9571384024977125,7.751539064971259,4.211404835982184,72906
1,2021,2,63.01561718859235,23,7,1076,2.0582773022835124,11.03170330994255,1.986079622551932,58964
4,2023,12,78.3410845980824,29,11,1101,4.674972159193827,13.702717239078751,4.904130794400816,82648
0,2015,3,107.02075218971697,30,32,375,2.15270104753595,6.672617562273456,2.379270430984679,62863
1,2021,5,38.948353871817716,25,25,989,4.389922484924174,9.622525637054228,2.3492438166049103,39197
0,2020,12,78.4263985777859,8,38,1222,3.0275238330793823,12.472913062963027,2.247647622146821,51059
4,2024,11,96.4249682443503,16,27,589,1.2356577733069596,7.994616706144193,1.4884460636971517,71475
3,2023,11,143.3158361306864,8,4,537,1.779273796296057,5.01741754079155,1.4445485893280496,95712
1,2015,1,52.8286116698045,1,7,871,0.41959767910714707,8.699411583164979,3.5924201381364935,44877
2,2018,1,66.70259722911192,5,24,1511,1.6673129679800525,3.6626702489163416,4.500472178232188,51452
3,2023,10,69.3166166899151,3,26,1138,3.3877047275176704,14.308601448027321,4.162082041086694,78533
2,2018,9,98.71996049383476,1,22,405,0.3605554646471759,3.8978544623396765,1.5644303760854044,65845
2,2024,7,66.37516689520021,4,29,1606,1.0270070423901467,8.261480583006938,3.1823284871682658,58396
1,2017,1,89.35655028896043,35,22,1325,1.9072052070665575,9.358575133062313,1.42236618390656,65936
0,2023,12,121.63274287985382,32,19,284,4.9102476850798125,14.823645987447426,1.1811785744523098,64040
3,2016,8,111.70012723458646,34,17,276,3.9243091147944007,4.992261883714329,3.625543437539069,72209
4,2018,3,78.02792404663612,25,17,1598,3.6674337324605193,4.373178223348303,3.1406093347214012,68958
2,2020,8,132.34810309764197,10,1,1386,0.5809547826272299,3.104473764750523,1.3280947408458834,76469
1,2016,5,92.55823244720217,21,3,98,3.9049794680749574,4.866857242431628,1.1397569856239538,59526
1,2022,1,90.18775913528762,27,29,167,3.9263440575800757,5.487275748812012,4.9590256536373385,65901
3,2022,7,24.444409572090564,27,32,103,3.0055134781216415,10.566971298997107,1.1200853285962875,48972
3,2015,5,148.270087446431,2,35,1723,4.951808909991859,5.636481484696805,2.7781130122006386,91499
3,2017,6,35.98620510885147,13,17,614,1.6262695296227596,3.2462497767519025,3.0184760984307824,42592
3,2024,6,50.047018615594055,9,36,1117,4.706362241209258,12.919420146029864,1.4691205912017802,49873
2,2023,8,26.720588841398506,22,18,1888,4.573655574782518,7.387148412047601,1.676247113758865,33730
0,2019,9,103.20038568879879,26,27,102,0.05740329874688921,7.244360238968808,2.40722002564141,59010
0,2020,2,49.2111530064484,12,39,1659,2.250582632374055,6.629748350015118,4.0467035048546505,34526
3,2018,9,43.401356871454055,17,19,607,4.885521165257867,14.70447932575705,3.028329696241067,64677
2,2024,12,31.51222594902138,14,32,1598,0.515606812040379,5.041385007711378,3.551607498211846,42338
0,2016,11,33.43016442612203,14,11,1750,2.738923471916597,13.778856767438821,4.940698220362699,44641
0,2022,10,96.00719105753653,34,14,1175,4.89478753520552,12.321639985678654,4.072021741252838,68648
2,2020,9,109.4670225626574,20,40,1865,2.777477120529301,3.917759465991757,2.737445992564871,70473
0,2019,10,71.65926850037212,11,38,1843,0.9490765148607799,14.840749218010185,2.785767687186195,60787
0,2023,10,82.38662060696953,16,1,1922,2.910916150462949,6.256391562468126,3.47508830816402,54122
2,2015,7,109.17580567778793,31,28,917,1.0222028697477343,4.182995124268948,3.6614608336756174,75772
2,2019,1,22.259372724112353,6,40,447,2.5985213144724213,12.951770809509114,3.0028437033466853,35461
2,2020,7,62.006985419136214,19,9,1211,0.37021108956174,11.480106404132398,3.5794448912599197,62545
1,2019,10,146.50270724914503,4,1,724,3.027413346072023,10.40662567053481,1.094129977656395,86493
3,2020,5,95.41458986041084,4,10,1994,2.583949695640791,4.8717703643871975,2.7184914555873765,72588
1,2020,6,53.04919538667412,20,12,436,3.7008068438073156,8.741953395071542,2.115752304293907,48539
1,2021,10,87.82490606270771,10,9,160,3.153502355793925,12.366672322646565,1.5166977809724416,68078
3,2018,7,64.544953455719,24,13,663,2.7480313426537832,6.643487257726083,1.3981860512351005,55512
2,2022,5,89.19184854741889,35,17,66,3.448894246240606,6.740277942180498,3.41276866245867,67560
3,2021,7,36.34639653486435,26,8,1853,0.7197095678611543,3.0376908725774654,3.094402188610447,46928
2,2023,9,37.25290499650606,21,38,1255,2.9767983062930203,5.090920819744555,2.0143364679854767,53105
2,2021,3,38.66050706512107,21,27,933,0.8605530141138884,13.504867501462012,2.883800235090058,46704
0,2017,8,142.17657295048943,10,2,1609,4.6276110392594045,8.300957899652484,2.968929260729633,76679
1,2017,2,115.27685938437443,4,19,590,0.341670524228021,14.810813990813207,1.7800359217544632,83000
1,2022,11,41.109646306101716,20,5,220,2.1518737484539665,7.748495562885511,3.6083722475266025,45832
1,2019,7,44.48538088952819,17,26,458,3.478987388277224,11.582237457362895,4.123677425544361,53239
4,2018,2,115.00783173321392,7,1,789,2.2901110583412936,6.38302851485675,4.165854163558076,93195
1,2022,4,40.301299822982614,4,28,1451,0.46047626616451176,7.365715693691202,3.4098793228138202,42501
3,2020,7,50.492968133527725,29,37,1261,2.766895080633537,5.288711851090736,3.0465543300760562,48016
2,2016,3,145.23508826665187,14,2,907,3.2081595441367727,7.16474842199274,1.2440285720215796,82652
3,2018,2,53.18984821469614,3,15,279,3.518961554952538,9.566850245047718,2.1513251954064234,53679
2,2018,11,106.01220554824909,24,29,1906,1.8662990723137947,14.901274571750992,1.3730857871126796,74374
2,2020,10,147.22206736206897,16,39,1925,2.818299855143811,10.970420556861427,4.855292643513895,88540
2,2020,7,68.65857972817304,4,1,168,2.2534323746945657,5.390951452899769,1.5403205849030428,55124
0,2015,1,22.27707881206809,24,16,1229,3.360280193761267,3.5395372990986136,1.6071016394044082,20048
3,2022,8,51.73914775490866,34,40,833,2.917784836624093,4.516277775774127,4.558306473321968,58070
1,2020,3,128.01403487442172,30,11,1760,2.6287810977956743,9.750662415276569,4.775713133905832,90691
0,2017,12,132.3991486741548,18,34,514,1.2476218341912433,12.181923945801195,4.063316156939639,76913
2,2023,12,119.90751738809286,19,0,153,0.010092588741169584,14.285030487608964,1.0216196946906795,81588
0,2016,2,34.704276479954494,31,14,1677,0.8704083765571463,3.18987806396185,1.0053850838262548,33081
4,2022,3,123.4163483205324,19,25,747,0.5853302071208433,9.273121698742438,2.512403079149803,99826
4,2024,5,139.42811360915556,19,36,1868,2.2454237250547338,8.65040827467812,1.5735814800435701,101763
4,2017,11,98.0792405310107,22,20,1575,3.061290753809223,10.872660263708447,1.0735445686063891,73259
1,2019,8,142.31379632394842,24,30,1766,1.0654250434240409,9.714946253584102,2.8562667576180187,91252
0,2020,10,127.48905488254407,12,24,1755,4.695285479835936,11.244469806989766,4.772247589627886,76708
4,2024,7,106.70629720881794,30,22,1772,0.03341064611943889,10.896991016990285,2.2952782996097256,89123
1,2020,7,95.03408077252726,31,23,224,3.8615050758267144,4.404140698295354,3.644562713714786,65610
4,2018,12,65.31457674145616,19,37,1807,3.126023847652211,12.596614963424635,3.608941412529763,68470
4,2017,7,40.707367881564664,30,27,794,1.8677740052384095,4.478790908595898,2.004320414660671,60019
3,2018,8,98.64400994977031,33,20,1747,0.2524447220620396,11.382367502509645,3.6017009952954573,89458
1,2015,1,61.354501970355535,18,17,1494,3.1374328589213967,7.993744411687281,1.849335897147565,57303
1,2018,4,132.6370267785939,28,35,1207,1.9280675643282401,9.166208814919175,1.4880296543075562,68486
3,2015,6,149.13380185662172,11,34,1464,4.681335697066096,13.839576172508526,3.8055331422387604,96103
1,2015,9,117.81560914002443,33,8,1809,2.7099503744488294,13.67860471768184,1.453763268415667,69221
0,2024,2,31.762620387316595,17,37,1574,4.698257556467541,12.814275667860354,4.987636874357421,34864
2,2020,1,57.52912741898295,6,29,714,1.1024184673665205,9.121780565475879,1.7338096046009173,39708
4,2019,10,34.18425212954747,4,33,82,3.6286295518205165,11.834877721605997,3.37656745102583,58775
2,2018,12,104.56651421292305,20,31,104,3.0862451042436283,9.154764666225713,2.6454982856503575,71812
2,2017,2,119.474812392252,27,2,568,3.697041149156559,13.43527298969733,1.5055456896226684,79795
0,2015,7,140.33772801449254,15,2,805,1.073339319862684,7.833309998794799,1.1113756303096536,75125
2,2020,3,76.9624050335584,6,27,1898,3.3249725811888684,14.642824132978522,3.490929129171333,67166
4,2016,10,137.17883444649777,14,14,1711,2.490201965284345,14.18787309874653,4.227030255156505,100899
0,2022,2,134.1258506753726,11,40,61,3.7141248745315814,11.899231433421427,4.368062646026976,72350
2,2024,11,61.235443179501814,9,22,1601,1.6352232207590889,6.3529906101128635,2.930853892307738,48101
3,2019,7,132.95708132027423,26,39,769,4.4502851273262625,4.579843065519101,4.109821868729542,83123
3,2021,2,68.83739274462445,16,10,604,0.4215065730567519,13.25644140111837,3.691388533954179,69550
2,2024,3,58.5930056928365,5,31,422,4.0359465939559405,4.983627433655535,3.897018109996533,47903
3,2016,11,104.3797056432711,10,35,533,4.306598129075454,13.251129467968028,2.9703960208872564,79899
1,2022,7,62.68955962506054,3,32,1022,4.086261556834106,8.889180080548325,3.5336469609685084,55436
1,2016,4,101.92713728278875,13,23,1720,2.56363197130888,7.87868140569725,4.222103654304227,77578
3,2018,1,99.27813471483029,30,38,1301,2.191924900153807,13.838289346013148,2.591536702228092,78003
3,2015,5,93.24706055529964,6,33,672,4.981311432624384,10.246211790483335,4.223915603470335,74117
3,2019,12,69.45456155026369,17,27,356,1.1458597560708106,9.919368085556613,3.3680673711562514,67087
4,2023,9,91.30496381469197,19,36,506,2.734379829380223,9.705191335492772,1.663604097483145,67108
2,2015,8,97.5431117481048,35,6,209,3.3533776269116276,7.454034192234377,1.0987366288983385,65846
2,2023,12,90.93929550441155,26,3,380,3.50433817930716,12.427717242349527,2.451014401596608,69778
3,2022,9,77.77452885765621,5,36,825,1.0201233286928935,6.0335813281892765,3.1867853131853594,61668
2,2020,10,21.906717416014295,29,0,274,3.269970461699006,14.2667395204953,4.3592814088139535,49897
3,2021,9,96.31802200114963,20,0,1032,4.091847832406686,13.72782246056353,1.5099427205609848,76443
3,2017,7,41.897770068553555,21,19,778,0.2500928841055611,7.049763908098778,4.200825390734316,51896
3,2015,4,103.53487596313465,10,18,1577,4.5576064666265825,11.753565237979965,4.452036184268907,80365
1,2019,5,118.71476262997258,5,28,1529,0.14752027572602966,9.878678333395097,1.6027499480033351,71454
1,2016,1,85.05789018699639,6,9,1118,1.7798551624419718,7.051791623990815,4.406377277216876,52663
0,2019,1,90.50727644736598,26,17,1287,0.07906598116481034,14.862259775945361,4.965814271371168,64838
2,2022,3,143.69221275657884,4,27,1132,0.3857258426979093,3.3028481501791704,3.90735532419295,87255
0,2023,8,130.13175697843465,35,34,693,4.555841425900395,6.031752367455439,4.139078727299951,77779
2,2016,2,138.85074707369108,1,30,665,1.7743041537307391,9.240888733333804,4.977661070235493,77594
2,2017,4,125.78961748154623,24,26,244,2.1238576521252646,9.263436041742766,3.4219250021037815,78419
1,2017,2,34.15938444007509,6,10,1998,1.0767219069127631,10.067196899346769,2.2315455280649976,46260
2,2015,5,39.36894127612531,31,37,538,2.9854788509335988,12.020114064275031,4.350123336304223,54523
0,2022,9,88.46109364496475,20,4,206,2.974016073388948,10.481733966231557,3.457943110046525,61031
0,2020,1,51.989055643739775,24,7,659,1.8610019591260962,10.203377526336444,3.3247816948838262,45548
3,2022,5,81.97041175535068,25,33,1299,1.6651743590269918,3.6421735549565195,2.014542222056153,68594
1,2023,9,71.26749209638552,21,11,461,4.424821540902939,7.518363453471579,4.025337078331546,61574
0,2019,1,91.42385099595893,30,37,1278,1.9164211982110069,5.784668876413872,1.326669103440385,57305
2,2017,9,117.09384309765696,24,0,1152,2.4675049607720414,6.184441339223705,4.697148283178645,80686
3,2019,8,113.01381792290567,30,30,1197,1.416523812124653,9.652049692084137,2.303293843081939,86805
1,2019,4,87.76043722309346,22,3,520,3.9338475167856366,5.394063779155301,1.5110986111599618,49484
2,2019,12,126.91114444621755,28,4,1291,1.9872407844954583,6.52738921220277,2.769466132409675,89123
0,2017,11,76.01207189994433,7,29,565,2.5680552327216226,5.845016502208081,1.1698796370261326,45576
0,2024,10,136.5728576792159,35,23,1675,1.266785850298307,14.382035318618337,3.738504777059865,86457
2,2018,5,29.266435107171308,28,2,1177,4.938297961706259,14.335988786053143,4.610822041781425,46950
2,2023,5,144.10580390432997,14,10,442,1.4574787046186144,10.31929870315262,4.349052028554035,86312
2,2024,11,105.11010058607526,10,3,680,3.8537126545277585,14.094269624782799,1.5094778937915243,76141
3,2023,12,69.40968616183669,16,25,1718,2.137478251783796,12.429751745620479,1.5050845484309274,66559
4,2016,6,45.63003645447405,16,26,1897,1.0310870254206994,10.079374593621704,4.253737929297056,69395
2,2022,7,82.29381982766799,31,26,657,3.998593819824306,3.0772225379615485,4.697017098412464,64464
1,2022,8,45.29258201408913,25,5,1029,1.6680339451452157,12.270195432952848,2.8426793193339566,54394
3,2021,8,41.62310900660848,13,14,483,4.325966736989056,11.429860099061626,2.9958844676550638,49438
1,2022,11,100.25572846368665,6,29,1404,4.576285924589115,10.383043839388968,2.2730481655429036,68306
1,2017,2,88.00101419563201,9,36,1216,4.2991191769563795,12.12509174018966,4.577060473025655,59748
0,2020,9,107.11248449942242,20,36,1873,0.17503957403402826,9.155065977297188,3.5796116211694238,73475
0,2015,7,140.84876406485859,18,36,589,3.936866725025528,11.44899925585607,2.153006308669474,76006
4,2021,4,89.19382773407523,21,34,327,2.0566973324957196,14.22206504071792,2.1951314842170064,80117
3,2015,4,95.52116692416371,4,22,282,4.368614600911125,7.509660190153035,4.564800292254409,78235
2,2023,11,31.651424090142477,33,5,1602,3.1897713134236936,11.497462018807505,1.0545360956232859,49845
1,2015,8,113.29265216812183,27,3,1644,4.168215670719792,8.708253816131505,2.2909062909065536,77614
0,2015,4,71.9876768845403,7,17,1163,2.497158849334177,11.092795821767778,3.217426724865476,50421
0,2021,6,146.97428102613526,6,8,1565,2.6751275229946643,12.15472002665237,1.5928698483972985,87093
1,2016,5,127.01262202743584,15,28,1272,0.7219381606683362,3.5454300052295515,1.3683950167983592,68259
2,2019,3,87.92253526709538,18,12,411,3.919936793446777,10.759205327383942,4.26110532436224,74459
3,2022,10,36.01894504238159,32,16,1514,2.096948058334858,5.720894212883335,4.577617554594029,46268
2,2022,11,131.72405312647658,11,31,75,2.500400591357913,11.0403904536908,4.294425683192758,86049
1,2017,2,123.97154240512282,20,21,1098,3.925488570478538,8.619962231205761,4.595151558949391,75604
4,2021,9,43.99606683981429,24,3,1467,2.9942270003971947,12.282632902378646,3.212447884233486,71101
3,2017,10,58.38617759864031,15,4,556,1.0054936372133372,4.480809782467157,4.249032483961368,68213
2,2020,9,123.14294355921885,7,36,1374,2.951163295754464,10.515868219874342,2.5361705535644017,78873
2,2020,1,44.079698051163255,21,40,1412,2.038164289898279,6.341648747130628,3.665071445916154,47018
1,2017,10,139.30782359227905,26,12,316,2.3476277102193133,13.235783943967098,4.955342125556658,96927
1,2021,3,75.18856527552705,14,33,510,0.14155637201333893,14.14060206763569,1.9029108953565097,66458
1,2017,8,31.315065136395624,21,21,1766,1.0501467475814081,14.956779524148665,2.5595989851643224,46823
3,2022,6,126.04732365555651,18,22,505,1.4051904069051413,12.552088829127399,2.9201895092403425,88047
0,2024,5,68.55625879499038,5,2,1433,3.564800039294029,12.044808845136055,1.552061948080207,54927
0,2018,5,88.44489523999152,3,33,1141,0.057462366490576566,5.5860091064106125,1.3241544418602271,43458
0,2015,6,34.599564773458496,23,31,1056,2.0438863061456605,7.032084707881305,4.318891465286498,42213
0,2018,7,20.33592192984771,26,20,912,4.620134352128664,8.588190501147354,4.907177491310344,30039
3,2021,1,102.9380767531287,24,20,1485,0.5594030827456192,12.280572573386996,2.6189002553186347,80825
3,2018,9,86.97277214338511,19,10,540,2.582121941093055,13.979590380935623,1.350599344778613,78176
2,2020,3,97.16001398600913,25,38,1906,3.9326119119542353,5.269669200275816,1.263247042762306,58336
0,2023,4,123.18670054946712,21,3,1122,4.712656537600584,14.068409816041235,4.565272825441195,83896
2,2015,10,104.05876874497181,12,0,1760,3.73388319766859,11.347495828248697,2.8552569989107197,82148
2,2019,1,42.72054756755903,33,27,613,3.6028277432220306,10.329248768220463,2.2801092662495677,47520
0,2021,11,66.90042748437799,4,23,1175,4.132440450978812,5.398095255383274,2.905845084957598,46182
1,2015,10,137.76584362240885,7,34,265,2.2310061048877183,3.6663003937098066,2.2732163787693893,75034
1,2018,3,120.09281103271826,22,12,1511,4.029222663089166,9.82157878209528,2.95614310123048,77806
2,2020,2,92.36281753177325,33,33,1773,0.03982202372725563,10.818188199946709,4.438225587671747,68731
2,2016,2,53.2338497152054,17,10,1642,4.622805276884025,5.529377392256259,3.3692054842483827,48878
0,2024,1,59.267865238523356,24,35,608,2.2165325475858766,9.677474469905476,3.7786150912407015,41359
1,2019,8,115.1545487861325,34,16,208,2.766900939328738,13.277920833150883,2.4586827049373463,73661
2,2024,3,130.6526539108602,28,34,538,1.2744112445744116,13.020791345460239,3.954023514042075,78650
2,2015,3,107.28520703897988,22,17,735,3.712654164202107,14.128262167035565,3.6664683395174893,80780
3,2020,6,125.23889684989743,17,39,1315,0.38317903237624407,7.390629714682565,1.4782479910082258,90170
2,2020,8,119.66529757605278,34,21,843,4.363179012734176,6.816594870611024,3.2905714124623384,74891
0,2018,9,39.46151583440451,6,23,1826,4.140584145031713,11.993112071769705,2.026973985239032,42150
0,2022,9,75.11282567872925,6,18,1955,1.080300581223832,8.17334886116406,4.216382678534371,62360
2,2018,4,39.88789410771315,34,36,54,4.046621991426312,4.050583968333367,2.703750833867758,33866
0,2022,5,50.580626024258024,1,38,1669,3.9317886653074074,6.393613568045996,4.978736660785948,35970
2,2022,2,133.00375120463684,10,20,1893,3.161082988769745,8.02298742637787,1.3700017517558551,84842
4,2019,11,81.47595553231368,21,7,410,1.8676008844984375,6.510197105715024,4.121391450960634,78753
2,2018,9,89.59655323954591,5,27,508,1.3574937709093393,6.98646685136786,3.694806934168626,60256
1,2016,8,43.19797547961038,2,4,297,1.15891795144675,6.525310874092689,4.069995322362821,45825
2,2017,3,60.595332186343484,22,16,1639,1.593044813818036,3.4979900061969533,2.2301191819618253,53865
2,2017,11,49.93200189562309,2,36,1746,4.5177922171626514,10.645136409893311,2.9682179575296024,43812
2,2018,12,46.80420138739544,10,35,995,0.38820387994390637,10.167509044241632,4.186034078894833,39316
4,2018,9,102.93490313107611,34,18,471,4.144356381264793,10.840601981744168,1.93016532648342,81999
1,2024,3,53.394900193942924,16,26,1996,1.7444503752091178,5.307718752403529,1.9041327871546083,43562
4,2019,9,102.1620131826544,22,33,1811,2.607996980056791,6.547854499349823,3.2042038131797295,81280
4,2018,2,27.599099834112007,12,10,64,3.9724281682424536,10.435391123339068,3.094254318119423,62004
0,2024,12,38.43067115852324,24,11,785,4.421882735114856,10.195530821519057,2.1290498816517314,38261
0,2022,10,55.6902330200163,10,20,1646,1.7239071003632351,9.075963712251214,2.192302602099291,46076
0,2020,9,97.61609919643992,35,10,1195,2.3092174063755517,7.2049590001223685,2.111380652826262,67371
0,2020,8,107.85936186135888,32,38,326,2.0725803240839613,13.955172057296279,4.086048247993951,71391
0,2022,9,77.55320568133853,7,27,1631,0.06625516751955274,7.077242907586125,3.6076034622498425,65977
2,2021,5,77.95281889503977,21,4,502,1.479714444293283,8.46742987724702,4.329668733641011,62316
0,2024,11,114.18719068182035,20,16,1463,2.295946168662809,11.137365971450505,4.901892113256087,71168
1,2024,11,22.056741929525717,26,19,1367,2.0554680444021987,9.51625717040117,2.8966571850879457,41830
3,2022,2,64.34170318164867,4,40,1647,3.6096461375783973,7.162631716372626,1.2667755256217954,59026
0,2016,8,126.43191742550026,22,11,647,1.9240180861055163,8.227737485478118,1.1923692416481417,71126
3,2023,12,98.41852332773838,15,5,495,2.4468822448533514,12.533769814242074,2.1826601570864765,74309
1,2015,6,63.83952725820465,21,16,259,2.148042960661817,6.33754986583935,4.7301783574098035,65399
0,2022,8,137.7182230028576,15,18,1663,3.7031307444718524,4.7070628773217855,3.0928522198834996,70589
2,2018,11,120.44095456841973,22,25,763,4.314861994934812,6.7579584219573245,2.0871460643205166,75563
2,2018,5,54.43640814077534,28,31,351,2.6594453950375705,13.194410585854815,2.596667178044078,61219
3,2019,10,103.8876788783432,14,5,1982,3.947160970975956,4.0678765782761594,3.3943804296186832,73591
3,2022,2,97.44759466456436,27,35,1296,1.483933410099253,14.900352880469422,3.611798632551369,77757
3,2019,6,72.15442882506775,28,37,1807,2.7068480507863435,9.49203478713195,1.6156780391316201,58242
1,2022,5,67.7042902966241,26,10,52,1.7261497683498623,14.818148927605128,4.908126706180704,71339
0,2024,12,64.6628617208415,2,32,1039,2.0710046278591516,14.26795706503173,3.1790889079311553,57271
3,2015,12,100.23025184143408,25,23,1591,3.662069324063343,8.433764570531,1.5427532711691172,72390
3,2024,5,77.51329174248704,3,22,1166,4.408312411663563,5.381892895264189,4.574541013384534,74433
4,2023,1,128.14220472268488,8,14,569,0.6074769554388271,4.978617318781661,1.2985537243177152,90746
1,2020,2,107.04834009741505,33,26,1501,3.1731962824369027,5.87987236643949,4.630941732710051,77973
1,2017,8,29.09110874222644,35,10,542,2.9107190378889927,11.521591686774448,4.98626262515593,46059
3,2022,3,103.2218690976616,6,16,1308,0.5920751958796594,6.275399936777854,3.8017271966260155,91020
1,2023,10,55.24916674502403,23,13,669,1.0594716522005454,7.09710323525158,4.081788884295959,61999
4,2020,3,97.06555891494494,25,26,1234,1.5550124736634015,8.385345647935377,2.3492113458699455,80511
3,2021,8,108.41715104344868,19,17,1794,0.8346553540875074,13.958792165057476,4.766307410935735,96983
1,2015,8,50.00779459002157,5,27,1825,1.218647412621709,5.272721014618153,3.1188558644334705,52542
3,2019,2,79.39162383444793,11,3,380,1.3380039943085376,3.0603186313176374,3.9295537863902195,76629
3,2019,8,44.742232166478814,12,6,382,1.678369165195298,3.721156924538042,4.6964308636451175,43916
0,2024,11,26.80405385224608,10,34,99,3.7469522640057953,13.857196100161415,4.900719903902033,41868
4,2018,1,69.20193505316297,8,8,1596,2.8595610192530034,10.770197578120356,4.332817426386697,79174
2,2020,6,67.18275533997897,24,7,912,4.931233359757007,6.276487431933681,2.21207002792812,56983
3,2021,8,149.41246379155342,28,16,1741,2.073679134837355,5.126310012134294,4.866190066208329,99790
1,2023,3,78.02580565569349,21,16,1565,3.7693253691846254,6.531200839645372,3.512478124974287,59736
3,2015,8,63.364041431386056,8,32,1655,4.357342106882669,4.377563127015361,4.722569905407839,64116
1,2020,12,95.4617508731677,9,31,1754,3.3948924651902095,14.298394923413293,3.7044201032574073,72310
0,2021,1,31.5397612340099,15,7,321,2.0593237020874797,12.410474092383202,2.228955847390882,40759
4,2017,11,145.01654567412572,18,18,629,3.767973153728765,8.548694122950488,2.480098096571264,104997
0,2022,11,102.54480592683431,20,37,1940,1.0183356888634243,13.379551261382424,3.201887108411762,69841
1,2019,9,118.1289165923102,6,2,1325,1.6377608259006622,5.9934984515187875,4.160059366239528,81429
4,2023,11,42.16213196260928,12,4,609,2.733426275496444,11.605446821666323,2.2719302053613397,72355
4,2019,9,73.2321208906765,2,12,745,2.877046936430742,13.273589988164922,3.3189246645367683,74874
2,2023,5,74.94958474150464,7,30,1905,0.11070737736314729,7.281224539479272,2.382499974305606,51921
2,2024,10,126.83483770714129,16,15,1772,4.725570943780044,12.089573345408612,4.263077618540429,86295
1,2018,4,20.16076836872323,3,31,1163,3.48313635608695,6.540868191171713,2.8669123750718017,32236
1,2023,11,59.11090408592316,3,21,495,2.4785187511594553,6.5862856231083695,1.306891307411541,49705
1,2019,6,147.5607286647595,27,28,1066,4.665636172041542,4.284686142650233,1.6642100859261455,78908
2,2024,12,81.73525065580841,33,21,1405,2.1954778262541423,8.280696558112785,1.2444186704785292,65028
3,2023,7,69.72841643172107,28,2,1212,4.902177851351858,11.756542877969068,2.997211784057301,80133
3,2017,5,35.577770262294024,1,9,406,2.5614237862174254,14.28264966685542,1.4253491893929087,56694
3,2018,11,146.641401721642,8,20,1674,0.5714288499898973,10.245563903149153,1.4565598772385284,99648
0,2023,10,22.603426270357183,32,15,323,3.8240048622963863,13.357626452828868,4.764193040153508,39166
2,2024,9,115.8334292509416,4,11,1092,3.3944886253892026,12.869935791482725,4.490620288704221,76948
0,2020,3,119.9179746225061,30,1,360,3.864933606527934,5.08011663570337,2.808346387245464,58678
2,2016,7,51.67537308830266,6,40,919,4.757210143628406,8.829809146951577,4.943221283400823,47661
1,2021,10,107.30259766969485,19,23,935,3.8824465132550907,4.403082426304698,1.0007461126826525,49254
3,2016,10,32.08078876932069,32,34,203,3.0566830110832344,11.18583793873962,3.455917825093575,52724
1,2016,11,53.41614463617038,9,29,1463,4.2865445118042045,14.398796018952911,3.4657127094874802,49862
0,2015,5,122.42725847799444,12,29,1333,3.366232196772658,4.645073496945078,2.829772223479553,59796
0,2017,7,132.40920496436024,11,34,669,2.0405952841296155,11.806597569630496,2.5877918917371714,76715
3,2020,2,99.10323364577287,16,18,932,4.4280988212088666,10.586857810414331,2.8215325419224304,71825
2,2022,4,85.88899613666274,1,7,846,1.1095023039218643,10.003260444097197,2.659841744318722,70906
0,2023,2,40.709522680467444,21,25,1644,3.573206374543621,7.681442816260071,3.9219699099291976,42702
0,2021,12,28.204174300289523,30,39,174,4.407817274703785,7.261579773045751,1.5414217398931362,22924
3,2018,7,35.29437370156262,13,6,1427,3.656582598516481,3.5429902682266543,1.7905568823645206,43582
0,2020,2,49.55644901249284,34,29,1346,3.4863770952692845,5.614904499024162,1.7220729135696944,37831
3,2019,11,64.41768524659972,4,6,668,3.76319147035918,3.182122587441923,2.049882340485058,48980
3,2022,1,69.51823831642834,28,2,1884,2.325276241503222,9.977005266984246,3.101033675126333,70028
0,2015,9,65.02182991657045,31,0,294,4.37085341078513,4.270238830534906,1.444834989352875,37368
0,2015,1,51.07719318564453,27,35,897,1.017182375680456,13.476232728356592,4.472677181306016,53158
4,2020,8,86.26415207772075,5,24,499,0.6369320800016964,9.277716248365984,2.1894461252338893,75193
1,2024,2,127.28719407027658,25,36,979,1.4275439005925579,11.3962789087045,1.6501519498748314,70669
1,2016,12,56.3614600012923,3,0,1320,2.657886983874966,7.930285102085957,3.702485238392973,51018
3,2019,8,142.5103124832903,33,14,569,2.5528089770466904,9.726957708012584,1.1523452023972771,89456
4,2015,3,133.5337660241002,4,36,1214,4.102993788382933,14.311910123599565,3.4798742594966567,102983
4,2021,6,41.029347475774244,25,12,411,2.0228432820200872,3.992808475484049,3.792793722705999,60526
3,2015,3,122.21587437842228,20,39,57,2.4217221314575434,6.047253263084354,1.8596661255468767,73396
1,2018,7,94.69635970130966,34,7,527,0.06683841629697818,12.359859922926532,1.1678562937745371,78983
0,2023,10,93.65479708228442,26,4,1425,2.0486961822146954,4.18484648259199,2.4545814356777984,62645
3,2015,9,70.83555919756267,5,8,544,3.2388711647517106,3.90793324684933,1.394376920967746,56433
2,2018,2,85.14988989366127,35,0,1679,0.07754165313296091,7.338496785048463,1.4659113986933483,59933
1,2020,12,71.63324106579743,28,35,882,1.4044098259312188,4.106015501669187,2.0170449257794583,48683
4,2020,12,90.16524043879257,29,34,1500,1.0397817964469498,10.020941306474437,2.181871698507037,77804
0,2022,5,101.63350686044265,9,1,1112,0.20992714454794115,5.715303009799198,3.1198813640856824,68511
2,2015,6,107.6594948331763,6,39,642,2.3963004495726876,13.748375558392468,3.7135675420120524,79643
0,2021,4,89.2225550327254,19,22,236,0.9086164661407825,12.40200097014308,3.371083763480739,68150
2,2015,4,113.78486875273512,11,8,1669,3.7154076981569006,11.396462473193715,1.5934413491580672,68562
0,2021,4,38.366146405815755,2,33,1673,4.2396394188167426,10.403328328614023,1.6883441298105057,34165
0,2017,2,47.557723817291006,9,13,803,2.727925913345739,13.36158876409756,4.515076999171658,48796
0,2022,4,126.43555052965512,21,3,1927,4.908536712605708,5.676744738513083,3.2334092602564546,85856
2,2017,11,61.928637120033976,24,29,142,2.2523928573529766,13.477306113170732,4.479751331590756,62448
3,2015,1,22.97619724689563,34,30,135,2.5668410511245776,12.473907581088628,2.4861860452794975,43675
2,2022,12,39.99284945684404,22,37,1117,4.946088769788751,11.977929916652226,3.4576000297252953,46762
4,2017,6,49.069876484520464,3,10,186,1.157742179825244,9.735068136899088,3.094653664218443,66073
1,2016,1,144.45197542629631,12,34,470,4.712729698384527,5.954929931647201,2.2764939592818503,67986
1,2015,10,94.49538576101041,28,7,123,0.21418777559556623,8.082574991902757,2.8796614881343814,72213
3,2017,6,141.2549962619131,30,2,1621,2.231934451315974,12.522847854465619,3.009963507307728,98117
1,2016,1,94.77123556456124,26,13,1686,0.35001756066532885,3.3813418122878933,1.8030838990267144,63254
4,2016,6,82.31607721792074,21,12,1585,3.646173714568215,12.384609231165099,2.2600414895069263,73748
0,2020,10,60.784599855232486,28,31,1229,3.042044679400089,5.8808488858507975,4.165639002027902,40711
4,2015,8,98.82822277633882,26,33,1328,3.533171317337982,4.731710408659236,4.663152957816509,84987
0,2016,11,38.095743200278875,33,18,220,1.872401999840085,4.388415818163626,2.439176374181198,41269
3,2020,2,136.77401154805176,21,37,1801,1.8474096701569014,3.3270001434097813,2.2278891288360727,85750
2,2017,2,127.81321266836689,35,15,219,0.22659639480447302,9.283037822657434,1.78078865828753,75354
4,2018,12,61.27908822397581,34,1,1837,1.7497246976481988,5.619118472324754,3.713964674602325,73834
0,2015,4,143.86367858816826,18,39,921,4.646442011310297,14.873181189355579,2.292398806665349,70544
2,2022,11,127.27609976402385,11,16,371,1.896132685902245,9.89324107046647,4.950998156396754,84712
4,2021,3,106.61989515855517,23,33,1640,4.15683853110985,4.654623232272125,2.302739208255813,82512
2,2021,4,35.829048446285725,22,15,505,4.21162752374967,11.265150489736385,2.5765441871305126,49473
2,2017,12,82.17042299624939,17,37,993,1.866205781896169,13.772922798116703,3.413336784848139,69531
2,2024,7,85.79398213007761,5,1,1676,3.159943401980945,11.942153944435372,4.206737172765219,78956
2,2024,11,50.231676587499415,11,1,839,0.47685801136529316,3.917278332473372,2.8780746613825348,54789
2,2017,1,30.395501266709253,30,25,662,0.5183929036713825,13.750610174311914,2.6906241351558333,38742
2,2016,6,120.97407196132005,15,12,1228,0.24328831830856656,12.527152630319577,4.982551334379233,88358
4,2015,3,35.864556776171355,27,30,938,2.905075466875547,4.899646801267372,1.0419745645597778,49180
0,2021,11,97.25779757303071,35,33,398,2.1303548881304852,3.6214306647938024,4.580261155404983,59876
1,2021,10,141.73839260487586,33,38,1524,2.7401617833212004,9.687726903771702,1.5965633037589497,77915
4,2016,7,133.89367503774554,20,2,1949,2.6053659525419395,4.872429736079723,4.143701104835653,93881
3,2021,10,56.10784108740395,16,7,1726,1.7510149554536514,13.015091431143265,3.471726239385192,77973
2,2022,2,130.68832288166448,34,22,1246,3.3873670741173645,7.300015880060085,2.3673891419923683,79043
2,2015,2,20.043225795663624,2,13,59,3.7925094045819536,13.954709336838905,4.495499822084073,57293
1,2023,4,22.299415249723438,35,26,789,0.07314129438837857,9.78825806569207,1.051628911923968,31002
0,2021,1,98.33191129957244,28,28,1338,1.0362114988443916,5.192068610876017,1.9067626082996947,61882
2,2017,3,67.42376848878882,6,38,1511,3.566179340416684,4.675186408317601,3.267571184998144,52577
1,2022,9,70.23990935068912,9,38,1833,1.9331008631691708,9.917669250693047,2.406169040198792,49232
2,2021,7,93.37734178825472,20,0,1320,3.312419734708041,12.142603342349327,3.4415099812733105,72429
0,2022,7,44.93171922694188,1,16,716,1.7348132986727922,12.378067772906185,1.0964407736346673,40979
4,2020,11,47.52819558651218,8,40,595,1.9537757616481854,6.309088853295375,1.46583572192685,50275
4,2023,4,82.99820631245241,23,29,1572,0.7933943684484246,5.45096110694601,1.508384960873757,70459
