역세권_거리_m,오피스_밀도_지수,주거_밀도_지수,평균_소득_백만원,경쟁_카페_수_500m,유동인구_지수,주말_유동인구_지수,임대료_만원,층수_노출_점수,프랜차이즈_비율,창업추천
136.29092479233424,8.426233621542947,5.639787197701953,10.439080158266744,9,9.358217452451932,4.646726066373648,1280.6220647843274,6.117478531783683,0.013869310977860927,1
506.79990445961107,4.347514634524239,2.809364799601456,10.157970321307424,16,4.549403673527129,6.2385620708206275,1561.6064732262132,2.099204222372131,0.174298013362012,0
150.0432231394912,9.08783506797463,7.96248166600972,7.652965436851305,30,7.204792673576158,3.454717350094567,962.6196958979115,1.457457122647683,0.07833501421194855,1
230.4422149740116,5.569619212296306,2.2459362890794528,8.872091341163834,12,6.2000966184532675,6.424258808305628,940.4723201882415,2.188340263802461,0.5469548699350063,1
295.3542918583548,6.670261473572778,5.128477864032674,6.169565104533195,15,7.439599495759905,3.046848211603257,1398.3279217368897,2.0689741803418933,0.27557363882441044,1
694.3531182114483,6.9309589502100195,6.952722160320444,8.776734641853057,39,6.57345002998228,8.532071951257329,977.3806622361597,5.83460314144498,0.117524757160547,0
549.5676598235193,5.148385213500441,5.565142668491176,8.67568725344525,12,6.136498054348863,8.534746490197868,1782.9305837246177,7.905341533452202,0.47224827974730177,0
455.87165921255286,4.2273204870901475,6.956067890053603,7.988141706062678,15,8.097186577610657,4.52930823643087,1330.7502595956905,3.7069018384514356,0.941982384006688,1
71.76036831827031,6.666867870141096,8.364508136558221,6.206398313963491,33,3.299426089238599,5.342833912561604,1903.9949729420825,2.2578653806228064,0.40675775170508777,0
600.3112222102122,5.377160035875685,7.726924082423588,10.942983668826049,38,4.794443898876039,7.720694485559821,1461.209383817567,4.31798640035216,0.48428998947083024,0
346.21251382325437,9.94001829556408,4.183009682640275,5.269359126865846,8,8.55704231150649,5.403679342340519,619.4461018917768,5.470236614489024,0.3975049993962766,1
651.5353389714999,4.5100790159890725,3.758708035976244,4.172893977054802,30,5.085124998775118,6.306541521945117,1263.1737911062596,9.555794244719262,0.8065482659672443,0
240.81584439490948,8.181732212698817,5.768294821666507,7.14643487198963,30,5.6157693272431395,2.3362982378485384,432.9465380565608,2.646050963917969,0.3733331332664076,1
92.66370248836384,8.930475655421226,2.124915776410084,5.669832726641069,30,5.523057264979251,8.043228781134145,1269.2670215540943,4.123037022679842,0.9906208603911724,0
699.9864806744001,7.21533309250894,5.609156314117557,6.2332621551504275,32,5.826524096558385,7.2198248156936575,975.1225527338551,9.219138525576325,0.8302529384115049,0
215.7717469132785,6.160383904432855,2.117658653794437,8.070967744866497,20,6.758936408031122,5.701625393570794,1938.521296492547,2.4019060704383515,0.6483575253097563,0
353.74208603544474,4.266122379786824,6.288430303479593,4.141690417645169,36,3.9271865614382797,3.8869244575403625,1362.836787423727,9.349545464942286,0.9009264256973232,0
287.0723532636565,7.557084995046844,6.645580040481136,9.33709959962243,37,9.041594866391291,7.065636683037758,1997.8284226651822,4.340664320408905,0.3525839402698071,1
107.49702499733544,8.945514475140774,4.276056881498368,9.014960198503864,17,7.815565817402213,5.730836141121706,1460.6950453819068,5.79779465216744,0.023487173455551402,1
682.4185206722784,5.305632470761173,5.410601215115589,4.511961196809443,26,4.803013131305081,6.57881991930654,1653.633751935248,5.129253652866519,0.3233114346484377,0
686.7043608086461,4.81390350499443,7.793787985716686,5.15790657232864,11,6.143745363712641,2.7814251549926157,393.44839038031586,5.679739848628993,0.13114683784667214,1
778.5988185765409,7.630471095251777,7.991279271166217,5.267469435504563,29,6.220005028757173,4.7277618656486275,1817.8327495625101,7.881827522306467,0.5196010280699591,0
339.0326857963536,7.22454857361566,5.497728838034402,5.071320621092326,31,8.942325916305382,5.993365532368071,1751.3841601109448,2.2075113538312623,0.6657726338862853,0
765.8660938314989,4.787833808410738,8.258635482587632,6.436247752434299,23,5.947317466759137,6.56904816248346,1004.0885711470427,5.938767746931363,0.41549812119717877,0
384.3187706297891,7.476246704422783,5.360854377045271,5.938638687105871,11,8.638575819915411,3.7622286565416374,1177.9565889084652,4.02058885994468,0.43828829989340345,1
552.2934887913558,7.840023926647474,3.2179603034293307,8.06968542416023,8,7.5354742035610816,6.51048582227916,1727.2209942947336,5.548775414396683,0.4892415579832634,0
111.87503727286656,5.1950871126792375,2.9708668491077916,10.724592871522416,10,4.36071985176374,8.206529891374466,1747.902221277111,7.9067267429470895,0.01990225903552656,1
722.8239349861507,8.004723003117391,8.41597604574073,3.559863310392961,39,6.873557967964061,8.338076603852738,645.986926858954,7.186070812686566,0.8007845661970588,1
273.50262551657204,8.435350716370309,3.2718142789324425,11.444895168944633,31,8.652550412574696,5.700020177919705,605.4312969031603,1.4798390123617409,0.05572465610790578,1
246.72861694728607,5.230794342711761,5.974953971736689,8.87683339415269,34,8.847560178065596,5.278475149370922,1002.4246815976096,9.176661269705491,0.6437989003383989,1
53.84716179834271,5.456238935868866,3.4074275372001583,9.011369147927585,19,9.088157418296076,6.64287120900376,818.0269000027371,2.2240225176094564,0.6292420113642027,0
457.40188646030447,8.526145631623397,4.4260372284872656,10.674457599008523,10,3.4839479965344777,2.840986941690852,1601.3742751254251,5.567530737659543,0.722674314764591,0
406.6972752554399,4.5498785307122915,2.7350884824238233,9.402681564519185,32,4.985288585860546,5.368328963330102,483.8747463078945,2.0013510406125246,0.7956679280712802,0
527.280258178642,6.508862963231086,2.048577835605398,3.5514742034115194,26,4.7598164357344945,6.761598631484667,1209.9143034141075,9.116162567101126,0.8776150658297363,0
783.6531005615046,8.85534392901187,4.916188052642678,6.363040479729244,13,3.5594595248570027,8.02750817970346,1261.560556062789,3.985400713612237,0.8039998961389613,0
731.4970683733158,5.929675887671616,6.514601846340176,9.130120162684054,31,9.922777295206561,4.069509159830385,541.8277895451088,5.434712170229932,0.37858007620158496,1
732.6148068351174,4.733972535975466,6.536460061226959,11.294905549474487,28,4.053592407787168,7.196192901878824,834.636580718447,3.8902695147491384,0.6988468779055833,0
443.94175333035906,6.309037356191292,2.5128184037847365,4.467461771282417,21,9.922194008225148,3.2999793463077483,1379.9280111809323,3.726674498109563,0.41700883496226004,1
128.0142123910722,6.830651176178266,6.095523314484616,4.4874787221155,19,4.841489493788972,6.020870011752722,1630.9245573154299,2.218314143965915,0.11082406493429997,0
185.68594644342573,5.289133024856522,2.2537749685663124,6.407366586439089,36,8.296169570597225,4.055214887675301,1359.289582624748,2.183338295539417,0.8782226342246906,0
764.7801657400562,4.0566389477485405,7.383512176608013,8.187231575039213,8,5.595482249074977,4.34783593433718,1263.0540927730533,2.549911668193668,0.6224234656469396,0
358.964737539769,6.186797826918991,2.6404225565849457,6.076057539982112,12,3.460864214830113,5.461276495517753,1283.8172550877978,6.226161765084169,0.8534081017067965,0
698.7628404553863,4.777982912126057,6.611891908641599,7.501759139478867,18,4.608055499532851,2.663091919063316,1929.7656820355598,7.13085356549492,0.6880890313397942,0
554.1329596071321,4.9669852583728344,8.166832042276688,11.370281557962292,23,5.108978667674031,3.9467407135993833,1837.4792313608168,1.4429014447571398,0.018444904582192723,0
521.5893469116209,8.699539112327594,5.36170236879218,7.198375706284008,5,8.966871357347419,2.0379826928233284,515.9742622349261,8.088970076169332,0.4370133150934882,1
256.6690824867141,6.635519812223777,8.490244570691306,10.69374745299741,6,8.673776511552035,6.180119922805237,1702.6804593946622,4.995608812267397,0.1450900590390043,1
722.560452305647,5.514757220977798,2.2691398345125036,10.73279716929223,35,3.835060260740499,2.9172190201273533,1677.6007021346225,5.731647077421129,0.5978785417252059,0
205.16852850752392,5.677525629465816,5.6115362670312265,5.431394138300375,18,8.788865755580906,7.221526255094947,1010.5334935001246,1.4888286914466353,0.5595389238195306,1
353.3039323065557,7.882771090965454,3.248149967258898,10.839519673305709,29,4.586726038645915,3.141322657930783,1872.342099456019,6.368442890163144,0.38684087398077394,0
795.1793692955777,9.538256556492911,3.66621523112931,8.895851668711764,14,4.180321332235326,5.321024043241202,1450.4212777713137,6.418289876393861,0.1173462265397921,1
601.7953111303406,9.978566993220573,7.811065166165917,5.741756099794729,19,4.02684115609803,6.314626154925751,887.561310678254,2.810093640301667,0.5347357969256438,0
383.796059367262,6.890127124508986,6.74370701577053,6.814844782687501,20,3.925846964701278,2.6757113268762223,494.15106021461406,5.247366228403787,0.544911808686982,0
470.4973770828012,7.46184680356763,7.646395070420864,11.740026478012526,9,8.368999819238955,5.520352696788319,987.6766681849617,9.81218160407394,0.22453663571357285,1
358.44161681497644,4.197799202144568,7.281247295053628,3.548343317295176,9,4.099893029204074,5.31704094292982,1707.43033030469,4.750626750555635,0.7155153694686465,0
595.2409939759914,9.908269898069806,2.2810595081884135,3.6964526431128486,21,8.54761241759272,4.890933002684323,656.9536913936331,8.92516740002117,0.7777949022985887,0
349.3976644280561,9.948635116076453,6.073497941741077,9.181119462733042,33,5.236137560189637,8.393702346525039,762.7473472581635,4.740956827972033,0.6201300965308465,1
552.6088735267864,5.434526526165112,3.0907264372596703,5.760325733205202,25,7.209558403523497,3.948379894905674,927.6981538975504,9.517871697923328,0.3361485628569524,1
578.5367059104061,8.065158643446221,8.315950779037419,5.989485626796851,18,7.05871462983189,8.863996743925702,1035.208576412202,8.2637719175838,0.30621050855476406,1
507.16990344428433,8.425042153796564,5.842104495495635,10.970104000874967,27,9.981963928000393,2.0978929328697378,789.6748862699816,4.648364230279751,0.4682046744566477,0
455.025848136242,8.18357578947003,7.826122903198277,9.296629053673165,8,6.727525883127607,5.921183334360934,1272.0456990116004,6.27983009778778,0.26219652754609446,1
204.56138818497632,7.338681319852098,5.396109278495329,5.981990573668688,36,4.7469665446626585,3.8616619555047356,1640.4736563438219,9.080241191097087,0.5830314733842904,0
199.37110746702643,6.939231252333619,4.336925349765039,9.92968601342312,5,8.634579790034145,5.790744807234788,574.651703933375,2.8548135471979124,0.55842245121436,0
646.8041486120331,6.6002885899273975,4.602566440744526,4.576330196062534,11,4.598723401625108,2.8759866939647485,603.3354502255779,3.2168440583885567,0.9293086105787011,0
267.74958332806744,7.442775376086967,2.316759196512807,6.012245359722307,9,4.1172477937433545,7.429469816184374,491.6901452647437,8.725336898224462,0.7171090739267039,1
541.9721208678905,8.192091335720125,5.876177221750652,9.60171811122698,11,5.848897040697574,3.674560925028885,1601.9268347714826,3.2046516997085988,0.29286265663063027,1
274.71258185526864,8.616126860795822,3.892182852721343,11.357134266065039,18,9.873270055833473,3.2515638501188135,546.7134022040191,6.344647491685844,0.9742770736905056,0
158.35878381712155,7.900015916315392,7.617137450169478,4.51995043027009,25,9.882432540586997,3.313928452226132,1238.850622554819,3.6372682944364447,0.7670661473339977,1
352.96750023535213,5.108371770982351,4.672779707535392,9.115524947217972,8,8.625688967231504,3.8245566353418856,1686.0954505019383,5.448192968011846,0.3058535060379771,0
282.7021451334423,9.056126140671434,6.061391505838097,6.9962172847680115,17,9.988547375603922,8.921541132948693,1744.9166028239306,3.040314483200581,0.7547090214954977,1
232.5485122107217,5.920038921947713,4.61004998721958,4.64996971889634,16,7.957899828276294,2.83679473180668,1685.9989112290655,8.523487639629751,0.05669311544869804,1
491.0780319937821,5.6759226564424035,7.989401420940178,4.245954552407797,37,8.34244512176323,4.769955145337104,980.1266221887396,4.519558744673569,0.5090935304310407,0
234.00743972251985,5.700597360255912,3.482236753004582,4.808441744749942,35,7.092627252546642,7.170840572706762,1272.4982258373789,2.6096080978101956,0.7666354636887405,0
610.8279588446474,7.025308370027977,6.64228429783786,9.163738342737247,34,7.490562522225362,4.743649685959685,1343.7247896757483,2.500302329230781,0.14431221718227405,1
590.1099858906672,8.229980061258178,2.9631835388975123,6.783634104826394,12,6.2470253276875,2.2298047623932016,1017.1864629200201,3.379897372832753,0.5705853282153122,0
571.4456502163197,8.5899964701254,6.231939393842345,5.170557311866833,15,5.120320711877209,4.093007218043101,1710.0136588899925,2.8976754534748927,0.07741534371834624,1
127.05708392990876,8.248628757720056,3.5074404327115336,8.728883102259953,24,4.279333448901882,5.919757402962449,480.9738228142693,9.17095083632249,0.3974985503430284,1
757.7318211382184,4.273141118024791,4.094881804756625,11.066697692180849,12,8.26835561757687,7.502431835359588,306.9384373847931,1.0957655478186452,0.2946968437206816,1
427.5047246695864,6.138721360190385,4.753310849275902,10.590911637487483,13,6.5899920433765065,5.674687404292018,925.7115877750197,1.8446218442587083,0.0327092658020689,1
724.7552145255596,8.214250227057319,8.25096844182536,7.073167140412432,20,3.637818509698542,6.453724162000187,413.6237626804374,9.048241697712497,0.14952632305858893,1
198.93491332723545,7.347070583870713,7.053276910018941,10.730203637222269,38,4.50649212786118,4.42449576064905,1539.1320492677737,5.879573655613075,0.6593034665270752,0
495.8368901138231,9.670332294557621,8.387142089924222,5.921773917991032,38,7.375392619883394,8.92247042762547,1708.6369218690697,3.5698293136915638,0.541776602381229,0
774.0564362579474,7.988548205813891,4.545089012320064,3.901480926411758,31,6.1851934642496795,7.400766606066976,769.7146704507193,4.372932718394268,0.14111710273582379,0
799.0236844225152,9.557556517600403,6.250035488880161,11.05522032869715,24,3.316287220016301,7.6059368456296506,421.17473177677033,3.502345093845186,0.40152110726006496,1
68.12646873540847,5.662030912167775,6.655957990042678,8.001216388152034,37,9.033282833333562,4.776277874560947,1875.2303248158978,6.967705429379992,0.1298008150008828,1
410.97750009148746,8.628269654648022,4.730308301672575,4.86463934324353,8,6.125071595228826,6.603150679251305,1703.3363591966095,6.276797677765979,0.6862307537971654,1
268.567017255206,4.8149283675895225,5.101615042374412,10.24270492508201,39,4.323981582223361,4.40537040185097,1651.7808553804637,1.370963929406922,0.11038517013595228,0
97.79042623798591,8.148815956390813,3.5593089877907156,5.58427947465591,11,8.08870879507845,4.591590705807412,1916.1678264197387,8.298258275818728,0.15107684918640119,1
477.2182992072942,7.79059095771896,4.484776735873204,8.358159305902504,9,4.506385420128856,6.885997343554876,1864.083818300039,4.646037204388827,0.34462775610607155,0
53.81246352441053,8.002986550843705,4.617689323758425,11.821384876811061,7,3.40560148758647,2.6363208616172584,1078.5511585259196,5.69442628031147,0.0664854086506963,1
508.45819225251626,9.03681274854986,7.683078177459416,3.8008869219107515,25,7.5479775109189085,7.052065797501013,1779.7607313638052,3.9456923979688487,0.6301888648635983,0
702.6361077759422,6.969344192182293,7.5098505794995525,8.731386506204103,31,9.643967884700071,4.837778412011139,1424.7933531033848,1.4175439919737522,0.7213504619281622,0
712.7010987304169,8.12107224328428,2.4877920538019755,5.459669620110679,7,5.069818368799034,3.628860212244133,422.937242164387,9.22877168447242,0.9150208041832496,0
765.7396123970287,5.705793976614514,6.872291126960919,4.397317505437552,19,3.1039669012248865,5.642083687859882,884.8633518125449,1.3126907880136305,0.3055845935269742,0
604.8978648526056,6.879133385802934,4.100447183340883,7.462748360354569,38,9.41244729968294,3.6237240576653815,373.5057243517833,7.983599027473805,0.20527574271073135,0
188.53471816181658,9.335274006757201,2.7992356937389187,11.689909661791026,25,6.612042531416996,4.879968005176975,1913.4607496036188,4.564465141038003,0.5459015917751292,0
376.0087408151039,8.138898346324341,7.304831286975883,8.646951027541188,19,7.405174116126259,7.122670455542765,1988.8261264565194,8.826791317928008,0.10975718930569811,1
714.424621660905,4.577947115177125,5.756221616177987,9.52465343692258,5,3.853646544630719,5.92933015100424,1740.106005615776,3.0327791889360527,0.9229118223292114,0
241.28471025109735,4.607919276231561,6.7069288922526935,5.896454240476201,21,9.392532197672953,4.049059974530348,1407.7052955651209,7.142592142816313,0.23262945261180545,1
382.48452104673805,6.8025290260933,4.6048165744117995,9.044463300370872,25,6.689169185218217,8.314984367863115,914.3231494232724,3.311183708199491,0.6854508819928641,0
512.7027318656714,9.169257800995876,4.666411477042436,10.324780070288256,37,3.7454176695600703,4.872589394629529,582.5692595221963,3.0789979231971523,0.9831425056034653,0
127.51438315861583,7.225425865208592,7.237071367586783,3.5451399938088866,39,3.097783887335019,7.7994263542513,446.79124595631,9.283082951361576,0.4460896366962477,0
417.5822458017969,7.587974838154194,4.141103568189948,7.012505142842523,35,3.6861899860852816,4.17719532500195,1964.3908446908285,3.836547685888712,0.8941386204088347,0
83.52830182681018,7.777123794843397,5.440308003878983,8.248504494661582,21,9.87939492427645,5.4026536919711905,1050.8354011559381,2.6676665173380503,0.32904268682329796,1
283.72060198186307,4.963404874063985,7.2650920342058765,4.807223025515684,15,5.813316514090367,4.288724234169578,1697.3483714440029,7.1399883457857,0.3835620024368319,0
614.0297647745188,8.907996867309429,3.534718302786183,6.122534958422319,30,4.598222661713181,5.882211004145116,1257.3080387649284,3.5895287610960755,0.8852455752964867,0
586.6243148960485,6.993029367979666,8.50863386363887,10.209672837708442,8,3.618041838160627,8.168149976958723,745.5371735688384,2.229995599905356,0.42563027479450655,1
756.1656828187378,4.4768170300537315,7.72373110060557,10.71401953037593,18,3.0680723085568475,3.9402105708078436,1229.5108567364073,6.283083683960717,0.9504573824145996,0
632.6715250315771,7.171714706752158,3.715588206318772,3.533149252113632,15,5.9113687598329605,6.773892471620627,627.9213127763202,4.26681989973085,0.4041427666732984,0
211.42138624038967,4.678316688244076,4.663664685343605,5.533100768346298,9,7.18249642279946,5.294312188810619,1589.1164774558622,3.722428224640331,0.045945261356752476,0
728.7283854749379,8.418386710673492,6.182117740457571,6.079144906793918,24,9.238312603497835,8.585178541812791,439.40504106469973,8.678153961930565,0.7059888148930986,1
464.1981102585527,6.490226606411461,8.131252149238819,11.946079788076862,9,5.226643223071359,3.9326352523050145,1837.2383748132495,7.658787516771903,0.9458207100431438,0
683.6734156826421,5.9376193386123415,3.9767814085696496,5.677444573364202,9,5.21552113437642,4.306405127908957,1159.9876859817327,5.733378629066912,0.5456676256864184,0
741.8671128297804,4.8537249486546905,4.393691978383507,5.94583404919852,38,6.265634183984734,4.379854027630874,1209.0445319204293,3.0599247428544487,0.33922231987690377,0
671.7209592043564,9.227741382141499,7.953028934606064,5.0962050394098615,18,6.445238543990003,8.462629203109369,479.9651529756895,7.577295931608385,0.9456807023151347,0
345.64849846979473,4.341471076263551,8.91791660271554,10.36637283574628,39,4.21713263982244,4.532683548022077,337.2786419591997,8.096039922757534,0.6399855580398679,0
498.641102436595,7.78820091566658,3.0150971713607344,9.138371238957458,14,4.606681986758304,6.928289395971104,1216.2873734146417,1.8038089836754476,0.3507494802899699,1
374.5235596727001,8.128895831546455,7.453679366908473,8.697568696228718,18,7.365677298865364,8.929632560131987,1823.4365835919364,7.868083061230793,0.27363799701354596,1
570.6103518102132,9.804341853655878,6.00166164541578,5.404791705214699,34,3.4881158730940567,4.895435680871951,723.2243918507615,2.6747507726747934,0.6117505239806798,0
413.51486720271987,6.102774715049765,5.700816406415138,11.60205548885094,23,6.686365535673449,3.6363191668970214,1822.6417542651434,8.696037003227847,0.7334042150146517,0
146.19525618205495,7.894489943563259,4.764925890413558,9.711171748457648,15,9.889695803708417,5.428596420201052,555.705446418022,4.945288816114937,0.36736392358652437,1
533.2778724603602,5.399377427397927,4.810249394659362,10.092093427969317,15,5.189739598468776,3.91810262255222,1956.6222748697796,6.792925983428834,0.3566202722677394,0
203.5296621279914,5.7650854740943975,7.111739861346778,10.155429835777964,33,9.212726380577989,2.2393443721150703,588.9483396674138,3.1991659169499256,0.9060442966256038,0
608.7178441491722,8.82756661370573,3.606825886943686,6.070389724487601,39,4.151917438793857,8.101687338892656,1204.3006480626832,8.074424435677958,0.931015221228216,0
129.212904801937,7.225881160167912,4.252068105134946,9.22297143966776,33,6.586063616149495,4.5886923143930405,1130.1677033693943,9.458752715718463,0.5959246478008592,0
55.48212029294356,4.0489961854177094,8.667114841503999,9.480890324934997,29,8.401084573767772,2.738176407892223,500.5530073534486,5.522497276938757,0.29977531122620626,1
300.86674366469924,7.3525744571182265,5.2481911042366995,5.917423052744031,18,8.943870641433946,4.193426564722527,1368.9184328277577,3.4322483965817305,0.43651947199112473,1
776.9416278732918,7.463175818069667,8.26866800183609,6.382232023011107,11,3.6502998643881535,8.346490633643072,1309.9149039845229,6.038981792179313,0.8156658693895508,0
575.7317670749783,7.250997247083438,8.625684643308524,8.572880528388646,7,7.5193787975910515,7.561254351310383,1250.4553762290288,3.3685390272516935,0.14621632225918402,1
360.2641510500023,5.351995261234649,6.954298611155037,4.642416325662088,20,7.6337356082960515,3.7326076672706954,1848.5691380421724,6.066752790193769,0.7614359878997108,0
140.5641278868406,4.388142207843224,3.387548182255073,4.5817243216675845,29,9.775705338598963,8.877587107052793,1658.8455202462883,1.1050944869137076,0.6591005998742758,0
95.27265826366525,5.888776766319766,6.436983228395063,9.818657590237589,20,3.230036553846954,3.059571980377116,1726.9307936827463,3.4002600186639604,0.9391086368390801,0
594.6587553205813,7.229915599485687,6.574702325537636,5.66678642896708,36,8.275064765681087,5.43828501142346,1036.190275877371,5.121450951865371,0.35161493896433627,1
729.0882382351052,7.754141042312018,2.203453601006952,11.342274498161999,39,7.677268275969796,3.7584309682502797,1388.0809474267885,8.522873563713414,0.4771331343386752,0
62.01943844908921,5.280315646610616,6.874863365152259,7.685194605084213,39,4.447113790202962,2.8628807993525784,1069.934257888582,7.545821640038227,0.7730886375639043,0
488.1056230351901,8.269372121476582,5.7503222059806856,11.518525436818425,36,6.9475475699692275,6.29377779031126,647.8981664978693,5.652455138243636,0.4148307083515804,1
596.4530376564136,4.275368831398127,6.621728892997102,8.324175135506529,28,8.677351707810143,2.382723586338664,855.7605417908311,1.3716226953449548,0.21469073848779185,0
269.14815820700613,6.083379425870091,8.000099302822626,6.237130658226491,14,5.851123779990573,8.942093575704247,753.0632283476782,7.308834111783444,0.9718790303831579,0
442.0982122454327,7.16354273584909,5.9177308015297605,5.4925038989743395,9,8.310865670041892,7.593050425170543,767.646313535382,9.12686168485178,0.8066717752459692,1
661.1389146879633,8.968843314991153,4.157666443580162,9.55268194419159,26,7.472356344268141,5.301368868206552,1510.3910187276895,7.30935632698135,0.29740039972009347,1
497.24523513264927,8.584761351440246,4.114834137864202,4.532677076036777,20,7.134996745789937,3.563955548529492,1932.1657620474882,8.732550169365396,0.054121226218251994,1
333.91650458867736,7.756151198686621,3.436175842339931,4.245995793607451,17,8.164932401382588,8.677576528666055,1904.4375992157213,7.129432214544469,0.17203872043384616,1
108.16835412122819,6.381245776726825,4.512470339716185,10.890981581359924,35,8.903319655210002,7.5249642877720655,1836.9099437797486,9.605801585861528,0.8427269859575784,0
415.17963217406475,9.68357237968598,6.153566383764215,3.5114682477226897,33,5.78623170076172,6.642643636861204,397.03395447953073,2.3532733847741345,0.9810354021097957,0
401.1454295524439,4.730357620394194,8.418388295012772,11.129451224769745,32,8.204518511920472,5.9787349223672095,744.0592580037552,1.026689287932745,0.9690714473258726,0
186.15106754701296,9.621946429205325,2.2509700558763326,9.084577729649972,23,4.6899545611493405,4.665800057138032,815.0091355958929,7.237768789515603,0.5307232267464566,1
102.60195084742789,7.826199893897939,3.53685934758193,11.261528959250171,17,6.653926366285045,8.037184535355744,866.1773982563794,2.6082000818916726,0.7907421965879639,0
431.30069910980484,8.27417670151705,3.1875231020093775,11.195605475248097,22,4.576359046010264,6.984947871191322,655.2733753315626,7.6900781924264,0.08153532543749786,1
298.8888011234585,6.5974349594005846,2.78007613447839,11.214589733572355,10,6.415809763999568,2.2115955500380498,300.3270288847037,3.385906440236397,0.9970184300912042,0
210.87336526018584,7.063282283498461,4.33141858646859,7.9443226708869314,21,7.71934633162666,7.063760118420976,389.41378972562796,1.7665073575580823,0.8265406169998983,1
120.99267066082717,7.736344826637812,5.195221834193688,3.68528936706879,25,7.426061610804084,4.31419084292947,1118.5163107487174,7.65056769992637,0.2725872107284666,1
678.4478965022877,6.2820886034636505,6.7858760653133245,10.81339045593886,37,9.765500263687159,2.4377246720284593,650.8001840581035,2.3239581678500265,0.0919449732924773,1
316.3343528005733,8.00516936450908,4.59542738998803,10.823726722143913,39,8.484192039845697,7.86101540533815,1429.694115083681,1.3839902456681825,0.48028762587472174,0
670.0888041668098,4.5795606965467055,5.909001470021712,8.64221939440521,33,7.318370065945636,7.034101993241897,1038.0809622624297,3.789377338108575,0.3321668765572309,0
69.47170192395875,7.202496799453504,5.954987955368516,3.6448395562007887,31,8.815751162151733,8.533425669518031,327.32880163257335,8.285939280615745,0.9465661854948874,1
51.679682865014826,4.589083420736035,3.1526341094349224,9.872841718384517,12,9.908893109139804,7.034835792943162,1065.940770618079,7.296027576375163,0.63028045051064,0
743.3133134857749,6.6007755060313364,6.013393320935007,11.208391023604605,30,3.135784029446194,3.6558542201769813,366.3886140033367,4.345073622962384,0.9206335938997929,0
555.4499382557163,9.800208710032447,7.511655844870536,4.989923219085436,21,7.745244305572529,8.580925119068517,1208.478596739937,5.994516158098115,0.5916264469438367,1
796.1109350796563,4.791316150918984,3.693578169769728,7.555147646109726,36,8.23226211720974,8.991969224412713,678.9006915715562,4.183957194063882,0.08906806413410928,1
409.6287660805009,9.436967358433726,5.749762949934297,6.635383286478455,21,3.2901947769203517,6.169957180034415,1969.6889351720508,5.4841318800516925,0.9283799339207354,0
169.353122415486,6.033656441133155,6.230023625040363,4.557640079257385,36,4.3096723080807635,3.7569454600033536,1453.7022384891693,9.74169398119927,0.13415986727731133,1
764.2122895837972,6.3503322554262365,8.9817960028744,8.784237310819819,27,3.660843806550648,3.1492494036640495,1815.1222682558287,4.002639101507048,0.5718578281996315,0
174.5526301583726,6.1483469438368346,5.448807535885253,6.2186606859001525,18,4.8201173768990095,7.344570061743551,1652.486691001334,1.122753772969172,0.043246459462740416,1
326.96398028229015,9.23680309331372,4.407164851544328,11.277928308444801,15,3.102770437802243,8.721455711161692,642.0758468910669,9.861577586591338,0.6009522352605767,1
750.919987902706,5.649560699236266,4.552070087849879,11.916067778574,30,5.90461884618211,4.925595600964749,370.5203975757484,1.0936613077646675,0.25298889014544035,0
111.23085216886076,6.737134221465531,4.908299414499783,11.474701747846218,23,4.646739950359725,4.3144928436319185,1054.8900895664394,2.990041045787883,0.23046238131792063,1
390.47158596041163,8.296072310124433,2.4514662937121945,10.654273142562225,28,4.099157929580226,7.285557561859715,1317.5234614471299,7.214203272370272,0.30055847441810957,1
715.4679437453775,4.158341741014421,6.589846714342686,9.612401636319607,24,6.780378596783711,5.060120732271958,1571.795796092026,3.0874791239328507,0.682916142716208,0
289.5537952142281,6.746977630387993,4.833471719775451,8.017703780857506,23,7.446990298098375,3.7160578185374935,311.37901858480046,6.785580745597147,0.6535951571716637,1
771.9934532867834,7.699292122058148,4.7982140354816885,8.805207410878086,35,3.8731053699135605,3.3054090610023517,1758.3550000766513,8.567787333811347,0.687301438789294,0
798.0294502613664,4.357610404017478,2.6694522016018727,10.937156031058748,12,9.89640535745798,7.728536519386231,1400.8738314810219,5.621998820128222,0.4519711205489827,0
414.51164304490345,9.10308512624006,3.8356871134616894,9.965486591155404,34,8.89594082563595,8.138250769876965,704.7042007954599,2.190190100252652,0.6382205177385526,1
290.9686913255099,5.797895073663281,4.254553653346758,8.89061391787846,39,8.437811335250426,5.655358062691196,994.0722345196091,6.6140139166673215,0.7327861957930354,1
780.0792485613827,9.578076659105204,8.752186146618977,9.999415886154045,23,8.947256031794376,3.6311296074111574,973.5017476101216,5.742037417425046,0.2745824099627462,1
799.0389022316642,6.205490213533853,3.4324640185170496,4.476912599222065,8,6.142664726427728,2.693662430191911,449.01183131215805,6.208976704141612,0.5322728745957114,0
383.9098250991829,8.100821655822891,6.873824621000344,11.803633798454891,23,6.842269422707414,8.03375721975263,866.8570863029366,8.159067036116832,0.5466790060020982,1
83.55927158137054,8.587274616273456,4.837952939337466,6.5959978929202245,34,4.540113038019829,7.327716624442568,1304.1493248891286,3.356964888062437,0.7458769279422485,0
385.29584262306,8.320523816872175,3.0055643180206126,11.033875100826211,16,4.220710869643062,4.31961064486671,952.7488013057402,8.80899325307913,0.1508686363851668,1
582.6310998477921,4.888626619446048,2.283225880207273,10.185626210828689,22,6.09991721849879,7.634513961419059,691.3139658276134,5.25721185964118,0.7357891846323492,0
519.5534957225316,6.3508689307819814,5.48997807474788,9.143890623866737,17,8.41688565542465,7.740484206632174,438.49256184206115,7.077795872785997,0.06297194097448089,1
552.9873276584381,9.532636198622964,8.718762083465831,8.496893315391521,11,4.5716561328654794,4.221168840589726,1539.437942981538,3.22705038681049,0.051487134508293675,1
778.9391448850192,5.775695691589949,2.1756823008064496,9.683757583651111,12,3.3778033553299247,7.545124412176509,986.4609254535835,1.2729507804633124,0.45371041914652643,0
546.4784306643769,9.977768954794122,3.711890852283788,3.60674241366551,28,5.198344242724417,3.1700902675076916,401.8627900571952,1.8756149016904624,0.6934203881093185,0
118.58765176824741,8.863742087801205,7.830500019792325,4.551211189932572,21,9.145233329193665,7.717562680326401,1612.1065082069872,7.006602463528156,0.7711923970183893,1
492.29825765722086,9.422788612166105,5.044835858639301,6.759787531971639,30,4.6083670216924535,5.155496138440252,1825.6255108537644,9.687894250161218,0.22299371697379544,1
208.68575480470065,6.8459041901132665,3.0753110920284614,10.735255447016662,5,5.885951561133389,2.654325358566045,1278.9200183121748,4.434231254858705,0.017943998255341875,1
646.3067262496726,8.692874479615647,7.831663285427547,6.341177572318546,12,3.7339984824213417,8.86400933977705,1093.655331463457,1.9961605077589613,0.24314468422425395,1
312.72948667088934,5.035228162411515,3.086639586329457,5.078415978034075,14,9.833982695859042,8.550147193858413,1519.6927801850215,6.555476418953622,0.3069439275162492,1
426.82735823236726,5.35336771734476,6.584280561504427,7.577969237189435,18,8.794454605620441,3.3102109099977017,1046.4622961845678,4.02927994017911,0.7718755200939175,0
577.654359598694,9.376381205105925,2.2642859127640977,5.453323187101118,25,9.973904307802162,6.681866973012742,1218.5435476568164,4.89531004688461,0.6097544762478181,0
178.72075693845386,7.9526486357011485,2.873276538512063,10.916565323486282,5,4.053716834924776,8.549228539656493,1777.4081378844323,3.24972421847212,0.8442020351789589,0
500.7945808491409,8.507300640647376,7.543890976228164,5.94758719756048,39,3.5477203092406144,3.748338074483897,904.2449529388778,2.4014631442216827,0.5155360416477752,0
170.02595805429377,9.994678019139842,4.865967251396182,4.17103442124846,34,4.034254618321278,3.5647803280357464,483.5294103062057,7.9771030925906725,0.6794251603525504,0
669.9338010091936,9.216546989897424,5.0106206573207945,6.620001831717144,10,7.105177752760506,2.7918680105444036,1682.2485105221483,4.018431661478555,0.6749543406801294,0
299.5262213693886,6.597431332523814,6.4087596841455525,4.410491154849906,21,9.055925337472397,3.698359552151094,800.848080074901,6.195841535769663,0.8778871503686003,0
460.02288996244476,6.6301352537345934,7.975990778196241,9.080439145783451,24,4.625976247580117,4.603181033728545,345.9419347500713,3.8727197282595847,0.502627978428537,0
673.0329534817536,7.905490450468492,3.1213217814038625,8.174248989445722,20,3.476841436993377,8.208337763204785,1158.5718405365083,4.692285357464361,0.7151020734918746,0
776.8002966048301,8.425795489384521,8.15779316345083,6.992998046516737,17,6.0955737030297605,5.732856413305106,556.256847330767,5.626568549104161,0.7488066791932647,1
295.65123327406803,7.699153593442362,5.122552741018337,8.555261684599785,37,8.639576436036483,5.93069005273692,667.7501320866113,4.133407100048749,0.8468350248736551,0
116.2803647087794,5.244541763966095,6.280638396090289,11.277494757766728,9,9.996171266807877,7.645357730664484,1369.7833404576093,9.968906303032684,0.7070764870046546,1
772.6168428346855,6.227296518231909,3.1053956192215315,7.746619724120203,24,4.597135813308951,2.259934702023155,1196.3821526892589,9.24948737923888,0.8618750924543058,0
791.9775827640939,9.413121420439843,3.970522718794231,6.5958222714783385,39,7.918807356551158,5.841913890052451,1455.3995992050632,6.52411396303079,0.5952158778931401,0
739.3078152919965,5.157208324491183,8.786814878404652,10.79349745520614,25,3.5061877903930787,5.47531989486596,1566.3652932610728,2.852158232491826,0.5898061325831773,0
687.8642675399991,8.499522263208464,6.664477036223677,9.936261582020368,7,8.791585361585472,4.291713576684193,953.9849530862778,2.9995980513478817,0.8341346979022756,1
420.26955689629557,9.140234649183725,6.052917401131409,6.886269757904658,23,9.433147517452191,2.5671158938164718,621.3450735424715,8.905898138592015,0.6105969026298406,1
401.46241859568846,8.605521338425152,3.0187319413933222,6.452312004134956,22,6.5377030840170365,5.448143281705388,1065.6664684464781,2.214470864233815,0.5275941184411591,0
469.21460457545237,5.081429756068268,8.687850500486086,10.08453465063285,33,9.9501285857598,3.9658146313000335,775.7239218923746,5.0005274408548255,0.15008382820553334,1
130.17665366035098,5.903329145841129,5.287468778134887,9.666695859445223,12,6.682619624425231,5.2410839077164715,1987.5233781508134,5.0251555510731105,0.5761115317851508,0
724.0528185212414,9.670125584889337,3.2107964691949413,11.175243273600257,11,4.232805044145271,8.587430474178625,560.2872718320493,1.7213893072732307,0.41252660281742015,0
511.36040561642915,5.919912577317589,3.6266632727378143,11.330633465078192,15,4.686224065175898,4.963672992510106,1798.4056626817758,5.8423582736287365,0.7093015757661651,0
794.0343608068548,9.463525822840687,8.318536396766348,7.530562360697526,33,8.195766553547683,2.5338415147586573,1360.5327680655685,6.1979682649078045,0.441587155911912,0
569.4322981140688,8.595487267014423,4.110814450039636,4.9520419244331,17,8.998843296641372,3.6704307910708134,930.0433052040964,9.837862882836847,0.7838493565443932,0
316.05113884745924,9.69353809759571,4.534458568761944,8.804003404935932,6,3.064688004799518,2.614451375276414,942.2448392745583,7.098699025693143,0.6460020883240687,1
180.09751982361746,6.433436894648676,8.537969470400839,4.472923309712463,9,9.34583239150151,5.636922695051235,692.0726874200432,6.375461027040492,0.5076773896229991,1
84.6260432814281,7.131878798951182,8.765887791737299,11.07466218542352,16,4.840533191224393,4.027331595543183,1004.1278864751216,4.620133026368354,0.9472489116408338,0
295.0922787685868,4.192908854014267,6.872255284325645,11.240706826626859,32,7.890317031229055,5.389667453735964,1388.962551437112,2.9269015722150398,0.25684133023778266,0
316.8458197343693,4.891491424870768,7.703646381827984,11.403569081947534,30,5.740527387883484,2.8629143301851783,1389.4397914125188,5.457445650641343,0.8288342074647873,0
409.54040756884615,7.471104343648057,4.348305411178338,8.829399750424582,25,5.879670908450329,4.991583874449174,1781.083708206245,2.7911339351572866,0.4822666204430973,0
544.2335936021628,4.185397330766933,7.074375145611865,6.169465229179954,18,9.580198449896681,5.583946789092543,1827.8796299889718,4.529211166428109,0.3690862598501212,0
114.45665881254642,4.218391218335099,6.954696797175815,10.448696664146627,21,3.4466486510640326,8.426675991993225,1517.079118113558,5.5348972627596345,0.8466341496349992,0
272.33420888869557,5.194938049131186,5.0427884418558895,5.449830360954088,12,8.541882910692951,3.286377521934338,1543.0308100509656,1.8496414645192374,0.02621555682988508,0
202.56735186626003,6.548593688218359,7.088911799903186,8.81560979196572,30,3.9866085112062697,8.78436107304816,542.4903018211576,9.264473045508165,0.8219568598000836,0
539.11980293972,4.906704524764502,7.344243082618762,7.880115942136693,10,7.13189392478397,2.032061878567285,1515.2349895179573,4.4858589069166666,0.6298143527153336,0
482.86727707183115,7.225805138598107,4.321700384022549,11.084041002347943,17,6.5986430032619685,7.992216210119874,335.1364691770662,6.717905900072784,0.6758131629097736,1
561.3516023113948,4.271610793931812,5.880698576518837,5.902606825211876,25,7.722558869949581,7.5290568919083585,922.771406091607,4.8604932579725215,0.7330832829212381,0
212.69747841640321,6.089493507911518,4.498967664297379,11.112019432736062,14,7.118826656695855,3.1263532194081343,500.1434959065098,6.228371390315945,0.5722105119513453,1
66.70231125517674,6.098915863974568,6.175132042265031,4.48763136520032,28,5.844630903283963,4.2544826578589685,1934.8477515839725,7.751623317131548,0.48503188257284624,0
79.23063043606957,5.861662150557841,6.80788311528508,7.308221253667989,36,7.846365815999958,2.766156546335224,1530.8916085983738,8.766226833870718,0.8388839828036941,0
392.5353422202925,5.733302071983814,2.74953601953972,11.38794838044718,31,3.5470904791027182,6.028138814527575,480.83228305874866,6.551073504496113,0.31299478886728305,0
708.2075731705943,6.842408712876595,2.4636636799845704,11.714827247114332,27,3.5504325389360303,2.211845135875705,1275.0583790200135,4.902834904259416,0.14540719779023403,0
454.36788941263086,4.839919239635479,6.806142545049358,10.419888286951887,14,3.658237466405892,8.697863313339845,474.2715430346343,2.747313115487617,0.8616593689099398,0
444.11996237526347,7.433539933286041,7.139463292797431,4.296178340965317,34,5.892885925496399,7.6397261456047385,634.6357542339055,4.567065403882519,0.058220739907594354,1
458.16970678166354,7.9463881599651405,2.3720240716531342,9.87188564823607,12,9.43380159451613,3.975243927451138,1951.2506093737745,2.858174300415996,0.7953228772532254,0
437.31423333453694,7.652135388696829,2.095307885029259,6.79002805267638,30,3.137411978012099,6.2786481890797665,597.2909447285783,6.171344657287947,0.4709497094897125,0
714.7642696427425,6.168401521393062,4.732958909837121,3.70763993484866,37,4.828606784554672,4.352311858525173,1241.3733773703068,1.6895715290264874,0.15436437849685714,0
357.6457989248797,6.542662212977221,7.518442263440504,10.485149109795938,10,8.621656120803053,6.83193343421351,516.1935622985274,1.9472097861365254,0.17605197601886557,1
664.6413551785374,9.638379840079569,7.808783069307013,9.169281350157075,36,3.6683415859171777,6.794989936329606,1861.3138649401071,6.447413478155522,0.7983368907552217,0
674.1627532722214,7.944550301218072,8.59875746288864,6.666171911756726,12,9.907934360404074,8.761495299449056,1674.937601987128,9.306183147295345,0.3585040890677508,1
495.63574372994714,6.3481891603207306,6.6159875855355335,3.524163250765681,36,6.625550658661536,2.753517284128396,1834.7890524928412,2.438122573162225,0.09232075090192982,0
198.81250905179732,6.2512362739089955,7.997970155486621,9.162077288745344,7,3.826542190388835,4.395672019373072,636.7671856141354,4.655397887234521,0.2673149958629353,1
631.4782093343298,4.818875202155822,7.743139809640308,5.8592762341533176,35,8.768905680451434,7.798915127137275,1950.3019499482632,2.6226987820936523,0.5599213663736923,0
54.07347979646591,9.161059469508322,4.50409423518945,4.356449826398544,7,6.833077292298739,7.0659114949132285,1907.179234285943,5.688628248715326,0.38460365323243595,1
89.55975765006443,9.415691656896342,8.653507006265333,11.748056042380608,38,5.348167237395553,5.455660057422438,1442.5143077034,5.747744350565092,0.9429180308278388,0
485.8624386718321,7.269406010242495,8.166007238432691,10.581793218335916,24,8.754752450263663,4.823780011165137,662.1681710152261,8.09384995734241,0.998888468928564,1
238.98008663614988,8.418998511817133,5.181712271653616,9.263459126383117,15,7.083913586287807,2.1177906258333863,363.70125742223166,4.646671500442837,0.7300520710558038,0
248.12895303805897,8.805048055432575,3.4823419935341438,5.764003072057152,39,6.895536718776477,2.2699736609861016,1566.8326003186673,9.932646558324453,0.32279318454192985,0
83.00994108978655,9.485568479839483,4.371317881181202,6.046779927819555,28,7.731198285576378,4.401141818708968,300.44511103071505,8.454930767008747,0.12497388357114703,1
722.6156501037568,7.005598272340252,7.501982101722229,4.140022704108503,10,8.788487858472358,3.5262983904330456,1844.4107646746168,5.484934642049343,0.5672357400746031,1
468.0864003683087,9.627775676484081,7.7870777923422345,7.25927242965434,12,5.823466964765645,3.8565164427431395,1027.9253814775182,1.1481653554366016,0.8663375544350747,1
67.70164488827831,8.91591922528925,5.691407650682174,6.261397746651446,17,7.114411592336988,8.73039617250363,1214.31963961382,5.54441739536622,0.5944989018453751,1
479.4907831610001,4.730639576272061,8.075413328566635,3.9071729655359726,39,9.030935211001665,3.5515876023174204,1825.9902478586007,9.32929696939845,0.14959454623806057,1
577.2580851991145,7.059651963163223,2.957825239122725,8.616199859988889,26,8.125808979042487,4.094324473975796,1705.1254326655258,6.3233792694620625,0.05641310881200223,1
586.0666774434436,8.911384269887538,7.7609744885032415,9.332717054241371,29,5.087780659769141,8.526881586050408,357.07011964672733,3.891263510945162,0.393510110310028,1
384.52411746936747,9.991869744932526,5.232689307131144,5.611850883936107,28,6.085581646896362,5.1049391107815865,372.32650208732554,7.525216237381371,0.16499186398633647,1
368.8018642223343,6.038254293938962,3.4872978450773235,8.245771518913905,7,7.316851922290172,2.28428676723704,631.359178524926,9.956596963082378,0.4923485178257355,1
257.51973494995264,5.416386369748135,6.269679608733774,7.2471753381632205,9,6.981543111240857,4.813842613291698,1602.5306692789945,7.313869213824063,0.46646137326826065,1
758.3146568287293,7.825618361439776,8.346736807345245,8.210918281559959,17,4.55316272961789,5.986530059020651,876.3888140636383,9.916111355744185,0.15839574204315465,1
642.0934309346112,4.1559662291993,6.823038434129507,10.61424504859577,29,6.1344659332083005,7.379393839354897,1601.4887641887444,8.583510647572737,0.10147397374693923,1
793.923674366028,4.447947822978403,7.5779852867438,5.640964768524391,6,4.136869003468147,3.3808107736497295,1624.6983897169682,5.29272509682566,0.4118254220191241,0
730.9307633782272,8.535190795947262,6.378935048701443,7.994331811170383,31,6.315974097095448,4.671770996630865,1192.006927916639,2.5368036786976345,0.7165602356968962,0
355.5714009938312,9.224322257250622,5.445449506706707,8.674330145431124,15,9.826310477854797,6.183138570280881,1271.656359893675,2.3800160092791502,0.7286203340762907,1
377.5732893858971,9.061729170469398,5.083979657921601,4.799902507970532,38,4.655959445274309,3.457867019262251,837.8382907840476,2.3916897632908682,0.0033429214903738513,1
517.6740346742022,7.232429991062465,7.18173222259302,6.56422939066088,25,9.610121885688304,4.1122192287212735,523.9945632694776,7.972566259665864,0.7964354392077099,0
293.2158990123511,9.433164882384514,7.464240211084248,10.593313462205082,15,6.954957929350837,5.449090512207739,1390.3584558355055,9.375338700238368,0.17073654222607237,1
74.43959279304616,9.783023342441577,5.408044977187751,4.4733236413326445,33,3.990925542266482,2.126490250433143,1890.758480488421,8.397776737738528,0.4123307565184856,0
173.3128703540466,7.731920265096878,8.945598893115136,7.264267290973831,11,4.22423116830331,2.6840167009662066,1917.6691111136774,6.301501896441821,0.847135138147296,0
467.2261991275535,8.039995640530009,4.679542212764373,9.580694259785279,35,8.193815850738217,6.8841006323632765,1210.441729591068,7.196341518776558,0.9873207553193638,0
452.78367812267084,9.421671144343865,5.893101512084719,8.306331003920025,10,6.011586766756569,3.9956435052092676,850.167485868839,6.784175110313885,0.09620063193761208,1
778.8572716753108,8.65230337294896,5.9320370228803885,9.153626466569522,8,7.32741390452554,4.452579223773864,1760.9748522259006,5.1590747822718654,0.22575808812996012,1
448.705672982799,9.281451580917416,6.3310375698111345,11.30275597842352,31,5.577806390708913,3.8603610786721023,391.26104998806636,2.652106580794677,0.8464090076156188,0
550.6032385214507,7.595015124581176,3.377486615758036,9.017363816304375,20,6.351865194177499,3.2644702335119393,1995.9487274482683,5.221878695117373,0.1511310104963376,0
253.44839865224142,5.950852080182282,5.543660780966743,9.087316350163096,28,7.4244811055783675,3.3648753255211385,756.9202981980825,8.384564492968778,0.1911985429070867,1
344.729989618869,6.356507418795353,7.275246661570125,10.077269576323973,24,9.630302078721826,6.552522368569831,1484.9976661820876,7.684100566334031,0.7198944512639105,1
102.6715992091207,5.359524835059515,5.528140625102761,11.99167095225776,8,4.60995375739698,8.781111241512646,1792.9072245398022,3.2374666156730942,0.28061937222860456,1
382.8865060878877,4.06567686098208,7.237072332297093,5.0828497873950615,31,3.185612752895413,3.6077245881914894,406.1308188544526,7.098991090951959,0.21686738698121621,1
199.10931577138462,4.087423486150815,3.334409072602809,8.476282455245727,13,9.918996429012328,5.287471191131731,554.3561136576584,4.281721286302355,0.8592639496280002,0
96.9467905946859,8.978768760082875,2.2335751876415806,6.5589244037655945,37,8.275051068263535,4.2563402993504456,1666.233542833136,5.072455396120107,0.4473519564790075,0
644.9858725688416,6.017179287779653,3.6967236312070133,7.8294177121390724,35,8.863814423909005,8.580463520657446,984.6886870332903,3.953517163323305,0.5902545896914604,0
155.36047143678482,7.749702820151086,8.015152904522608,6.664339838241595,17,4.798847307249548,5.321131138499566,487.7403162800473,1.358317823971395,0.7066565196968303,0
719.8702808697421,7.350505057062309,2.9253713648901725,5.982831501883888,22,8.958607595685857,6.701903571042523,1887.1323321746981,6.508689452147851,0.5446968593736423,0
186.9016073159006,6.516030076493358,3.8962160322388395,5.212886629121901,15,5.990236768776496,3.7721591283359452,1178.9763692706351,4.561895224406003,0.02356463644659057,0
658.1767618597104,5.740271650492417,2.4702310242020884,5.729097215414218,29,9.526569565226517,2.1006117065483076,1234.5898573593208,9.437732271836905,0.45719647418033893,0
707.622711986213,6.552059607149494,5.7133488332929705,4.821301139252947,28,4.805071850041526,6.6403120623970695,399.2614266127565,6.40154213743924,0.15996848376420136,1
56.649432298071886,6.879796742145454,5.130705821556166,4.005190995490379,30,8.985833782224283,6.415139511555306,1596.792791110994,7.319621815639575,0.4871894667376352,1
513.0883071885944,9.216268478929216,7.465300470872002,8.84303625837387,20,4.422652651007949,2.143662477558099,1896.5503619861322,8.784582138008245,0.9905026695998451,0
657.3601927615613,5.497529642679328,2.6286801961224624,5.0966760201881725,20,4.232395562091024,7.300670888838723,1832.378875978353,7.740554404610322,0.4922518735167918,0
745.9722977567837,4.526831976496185,2.497570793844677,10.426127187111597,20,3.410357577384574,2.756898994743564,1568.6160869381722,3.881648567775766,0.2617760463276759,0
487.3028986748273,9.897425208558595,3.7165544921545384,7.59962025212353,10,7.043459047587807,3.904173522902174,652.676195302819,1.9251907647395037,0.9422711453225221,0
637.6260130918746,6.754285751905137,8.342694886263626,7.469840381269801,30,4.093743129126628,2.8563607436699363,673.2441629136396,4.384783094963197,0.7771309935480735,0
428.50926192840217,8.437712787255743,5.892423324012491,5.7039730664820905,38,3.8281667145538947,8.027852826427612,508.2086091940355,4.626834160846748,0.46235553704161025,0
484.0220186504983,4.1517599636853575,7.750987497814129,5.376677128298409,7,6.284711888517556,3.3959517540028887,524.3391198852919,2.187841563436772,0.14854787687793347,1
226.7402354314667,7.959950279066874,6.508270275040633,6.109663463296783,39,4.1857953797252145,5.3924341708531,488.6124863887159,4.960668108101373,0.9048448799542449,0
371.1148251666642,4.431494411871691,8.278672414193089,5.1249727014375885,34,5.054792565733237,6.949413905457115,1531.3220049135562,5.374806065405737,0.7440735753535477,0
537.574296762739,6.295401431238203,5.412298117362221,7.053218862124391,15,9.19815393539414,6.406599499565869,1142.974683932387,7.275603043610618,0.6037161571784567,1
261.8306332124677,6.998357449920643,7.581797496347684,11.769724675130119,32,5.239980978254001,2.6271298716704714,366.0309055335374,6.850428114296721,0.7114731015206182,1
378.87747596153736,6.219023752829349,5.874189342740393,6.9524144181028,35,5.45903626076916,6.594512808876565,326.22799577806006,8.58970042669255,0.51071616301401,1
758.676945970923,5.890044568397718,4.003339850641934,10.601900930794393,36,5.615725354600507,3.586095890018166,1000.8526111327476,8.825252914956303,0.8943214877197753,0
130.16772205619895,9.484904372790453,3.6291840703761142,7.8569201276857425,33,7.071654152546108,4.4591682829749875,486.8178723568666,1.0578446600944247,0.8318823577513703,0
350.46895487798685,5.637130185205088,8.310809741688027,4.699844923252704,24,8.376517406012958,7.8348919582472005,1578.6023981585176,8.203386731521807,0.13307876811099684,1
646.1209200983776,5.303286049708191,5.656154209181915,11.337223891863617,38,3.9650685317379564,2.644861968890205,385.5545642222517,7.535435531130575,0.4690429192668849,0
127.10010552552757,9.875678106086012,2.0823921225774304,4.732651683025174,19,8.564675773927522,3.4130312633617574,1467.129589889809,4.342406296194953,0.23243648521178417,1
465.19210557843576,6.501862690558344,8.215120495860635,11.205384493150886,15,4.674641480766521,2.7854795189293773,364.6942282421931,3.360608494700456,0.043335328785319094,1
313.1745510901311,7.7377609480990355,5.830219947779151,7.674052401831876,37,6.2719998134928545,2.688134166762272,1553.4400583567297,1.714184752617725,0.9710978327739842,0
446.3930533849505,9.453305838342366,8.315812224887473,10.48756326113752,16,8.801466193391436,7.2871624776778585,1472.7906127369756,2.3820054045872427,0.9795860659581982,0
296.3005196945802,8.254134781251377,4.786437771994879,6.640502468244326,21,4.063150904104248,7.128994013663201,1986.4601331961367,2.160275704902146,0.08059162372899009,0
107.45677055896381,6.52190639708822,5.752099428733699,7.0501361568190575,31,3.2845055434610777,8.19459007218706,841.9277209664881,1.7113553400352068,0.3384584961404501,0
721.0430591843256,9.253116245290652,3.989999330401445,5.2696199868509535,20,9.531929882738462,3.493060222219241,1436.558313951365,4.851976607443802,0.7375424781488896,0
787.6813020901158,8.743655919256662,6.936071235590396,8.716754498658986,35,6.701974279047327,6.746043566674256,1490.8550530812067,8.035444983618287,0.09603861030049088,1
369.4961131286192,9.295427630415352,2.1046176763765136,7.794877848589387,37,6.943747059653237,5.769988189314799,1249.893513173501,2.6067636938880003,0.21510927243466937,0
578.9152636689766,8.668715053014283,6.319705363684725,5.882786940448375,29,7.506195080334956,5.8923054382687905,1290.5249792062107,3.8807320164409527,0.6689126439372644,0
366.059840165864,8.873828281646785,3.9559550356784703,8.797185010644137,26,7.86102616420094,3.2406086135978973,1479.6628901265258,6.210931490411504,0.2555866257701378,1
622.4745203546416,9.621069014604378,2.510250607082414,11.791311638539202,20,4.01530174007208,6.6070207293341925,1929.2092853955976,8.270190977401349,0.9520171337712527,0
648.1686483186348,5.362001241936797,2.272681735087313,11.024947645512444,39,6.2503499415724955,2.400975762477556,1562.2963674820628,3.275387792570616,0.9775297809717657,0
280.9843989444924,6.968836094527261,5.2890398308087745,9.576229923712804,14,9.882453641940536,4.483561281527295,614.5797569543972,8.744960163269067,0.09749731856092392,1
82.56774081295518,6.6730019421060955,5.980399535380563,8.45802903073471,15,4.938507984960726,2.0677291421600494,789.0618541332078,4.273733178360208,0.770851811010865,0
796.5172239448365,5.520750111556689,7.15484913480953,9.945711584483377,6,6.462052875054706,3.5117881728125466,1930.3305303152247,8.368135222810187,0.9731294757371007,0
577.8368161678917,7.241461796164754,8.889242831709172,4.589732627726988,32,4.153744283347318,6.023556002753435,1473.5625912943199,1.765636821568278,0.480423787100401,0
591.7892233580664,6.5450670626646374,7.060055413888817,8.055818508724684,27,6.447649920381191,6.914095386066986,607.4849295226982,5.592486989793646,0.5528016660437619,0
538.4346534121422,8.640771131686723,2.054995155701935,8.121027016462154,27,6.682958324886698,5.163356471839005,480.22379112034855,4.506245499176863,0.5504732499529694,1
99.11879221173282,5.85927139192694,4.7287203094783425,5.399920282460313,22,6.715475553305113,3.745622275603896,1848.3589525706616,2.576503687807876,0.11595799804405615,0
89.01938283769249,8.163184487347664,7.080765002854949,5.182528684149551,33,8.546256293655837,7.218917942333016,474.1565109280796,8.915912869785902,0.46196229653394516,1
417.3981618361687,8.21018016755057,2.7401287284643185,11.414389878421748,39,5.153565888557036,3.5736317952884784,1091.9333657214324,4.070818292365275,0.1741765217862995,1
654.457310077609,4.26893227562387,2.714490400374611,11.455238376627053,38,4.121286195529464,2.2476231643661064,840.1329057026696,9.21518637979414,0.18350160858293263,0
784.3383466802346,5.007780874797375,8.631647086383374,8.76186270235764,24,8.970013261025334,6.450062627451009,1878.5005269354947,3.8858736563102676,0.9791274772203753,0
486.54088253529466,5.719641101073081,7.526895640141058,9.028252066518181,16,8.699761552034953,6.819185872795154,938.6114262010367,6.481117502915676,0.5358004727712968,0
120.04215271024702,8.374580009844376,8.400589073995512,9.09331285731298,16,9.235011592610611,8.18535716291451,663.442507001215,2.4010814093491315,0.8893120580367732,1
312.4438371907749,9.44701305809597,5.436951005704317,5.428092500415513,36,7.927301539166379,8.34302613743916,983.8142791459319,7.7513813520666766,0.9963206240513311,0
757.1828545169262,9.118161688142422,5.882691868790901,10.42137856812484,18,8.94625099092097,6.037774855966595,1318.7582386639313,3.6831182502043234,0.31853802667944997,1
541.8228210969445,6.328958447152942,2.559653336402514,11.385061458939756,34,4.814357619051614,5.639283754179988,410.5320779582978,8.479345475683552,0.8291769332347683,0
375.0852760034475,5.287193683936474,6.9355995263502965,8.050980193291746,19,9.113202914300004,2.0301064786847824,594.1751745302729,8.156928573587116,0.9117850957238997,1
771.0689989630656,9.146470129334826,4.152594762838689,7.9334406407795806,6,4.93253103888876,4.8903625603004155,400.0906859085967,4.163388033940835,0.3208642039258407,0
616.1188433306268,7.754965086488102,8.721987694918408,5.918378360254075,22,9.492623580411555,8.832116264840234,1930.1966884571048,7.838855843838096,0.6528216249858458,0
173.10289557425946,5.871164550088323,8.350818584941374,5.203942499635758,7,7.610429016593134,2.9569068247781765,376.5447751772049,2.5027951318315926,0.9864354192029942,0
157.6842626439602,4.561552607469945,2.7919033984504043,6.995423215234895,12,6.936122369237886,3.24950992044096,1439.061512336055,7.601843926111294,0.04032221666363567,1
541.6349642890293,7.185513866926994,3.730399678269209,9.053124527712528,20,4.970277570887528,3.3934310993297827,729.7882490198692,7.17363012277177,0.6465068765095683,0
784.8052976416666,8.483627765755152,2.9669106897145907,5.584710758519146,23,9.390345028714293,6.970634320394571,1108.1557175751566,9.388276993305968,0.5074247113247847,0
657.8854171099327,9.758960876801297,4.406493464222702,11.646061836091398,16,6.395713732058754,5.723555884436723,1646.856099703591,3.481153316086141,0.3987759627847909,1
587.0078656982259,7.520741969859055,8.848239962336525,4.082679236831266,8,8.853685517700105,7.948026715111038,1139.448906732072,7.424868661227517,0.14320537897596963,1
627.3055618671513,6.446241910696091,8.271124050272007,5.637670240967005,26,5.758831807508411,6.948413619224029,1990.0302390945944,6.635783035055473,0.0731391879644504,1
172.18690944926698,4.5403566408927345,4.232007635222891,5.275757498306493,34,9.094822718390903,7.862188494635499,743.478187834353,1.9142321357343475,0.6124313695561072,1
416.5610099549373,7.540693894156766,5.382141978134707,5.526206214760485,8,7.847312728697261,5.7266750111252325,1686.3197466699467,4.141758584806502,0.7558829264268522,0
508.3681286194928,5.815001712399548,5.95600423489033,6.841209258630408,22,7.057169463639108,6.173485663108596,656.113513586027,7.575971038148793,0.3883815265806372,0
192.0173808901713,6.835734324660559,6.674126123680105,4.50853350843628,33,4.706367269380815,2.316463493578966,1445.2725613726495,3.584224589433057,0.9656525279102735,0
90.47760907673303,7.440312875878992,3.6466134829336134,4.768285089802858,34,7.745719847748333,4.5271721989662765,437.55546880530767,4.285160137264484,0.7940660989003703,0
246.164412101911,9.301900330731526,5.544608138840816,5.805195600187056,6,5.625334269681634,3.941912966048649,537.0937830373418,1.8562744126648376,0.5543300897488701,0
715.713236585993,9.881037841347812,7.102420293086397,8.57801396790866,28,5.148003914473913,4.9375374904960925,898.9108683042544,4.539415664591357,0.55909228607008,0
80.9462684335993,7.9654450452433405,8.212454221828716,7.017640915999708,6,3.585442431736153,7.831603023494103,1352.1331140752077,6.162667952113691,0.6830338150514786,0
266.13696515882566,8.807832662693256,2.8592588182334224,9.686557012619023,28,9.176744343116486,3.780934192424364,1881.0331337466048,5.910751563314533,0.4881979894822157,0
120.46952086496388,4.092633728509002,8.58119801144899,11.046874053531434,14,5.601140500860284,7.173987636858389,1944.8541551108601,9.636041491590726,0.26796845975059735,1
560.6314627117092,5.9327228609217695,7.859648085646106,5.880140250930381,12,7.554170259789526,3.6535618308110918,1412.7599973659346,5.658426963472183,0.7229003118576205,0
239.0164924385769,7.507741557993508,2.421328869618213,9.670931899322929,28,7.188943072910975,2.2547295901482847,671.4797328092654,4.108367416489816,0.6205730573576064,0
421.1412298694369,4.873734752378095,5.6081176744314085,10.096724074404829,38,9.718897214473579,8.685036087692385,609.7641943311053,8.282642593134806,0.08915371384295578,1
271.8642978985106,8.848136764092892,2.7685338567594417,7.825578253874715,30,6.48951476208065,5.597269347756499,1977.581804281206,7.926366360893733,0.35028796272932916,1
711.1699216334841,7.441659341419435,4.973916604485486,7.394826953835237,23,5.853567401332574,8.691466137817098,326.1242908036066,9.004176949866538,0.5121604685672854,1
591.1059795456205,9.748408931212644,5.4509338138273105,10.166369588318863,27,4.3213221441416865,2.5738206748621275,1037.7991140051572,9.070652675864789,0.10648602440060517,1
198.14170332793398,9.775224840811067,7.21064196898641,7.606719965846095,9,7.324757774064237,4.793616805356054,1459.9273773462753,5.091999004134877,0.6822188123654637,1
514.7091333847026,8.662761001616381,8.642209152076653,11.234874909299332,24,8.331501124580782,6.373587597544039,1856.277150751028,3.2233161108230957,0.4067305901947246,1
151.32018595795068,4.622322100120761,8.419458393306503,8.93388863770014,25,6.131252882349305,8.456600301291529,726.3859881954905,1.8502458715195131,0.07676972511582614,1
273.37355072111774,4.7538497367702615,7.968002325567256,11.449297037187737,30,4.700951612705935,7.753274058336606,1890.8240083013256,7.765695618528525,0.9435267638848773,0
322.96251159113785,4.033776958611093,2.1115507530967177,5.4589426265041805,35,8.81931113514255,7.828415571272876,499.2860580412266,9.990851252867685,0.28130488541461895,1
357.0573835154479,8.606650168833543,2.9890827988582584,11.794298224842045,17,7.1143650571011285,7.981822086230435,1778.8939635582087,9.058211938661419,0.30752331668686617,1
751.4212985580855,4.735340320007032,8.447610317253002,8.040349123728394,26,9.897180610220877,6.9696954920305565,1499.3965641422803,1.3176191580668464,0.8522601863260014,0
87.8395269186783,6.124649871793455,6.126206660229348,7.347388937118715,20,3.6783401396962097,6.0384450876468785,835.5629119179243,2.6196170961273366,0.3618566682688813,0
656.7403952156337,5.344296619645251,4.729148565343275,4.824900059140978,11,6.4261779064441065,2.6694830239774276,1876.5351071512846,4.304792527855884,0.09565329495977093,0
519.0209766251826,6.384230309735301,3.2660329923174585,4.649853888868693,19,7.243661104161752,6.493811247256125,1538.108348650758,8.446257020269762,0.3934299774257246,1
664.234401991161,9.433788395270106,2.534323977909099,4.085882600907643,35,8.053054906983329,8.426305370379808,884.7561067844697,9.120884276227175,0.019331343099117992,1
246.67215189015235,9.262092489667836,5.717064752633327,4.978147313206446,17,3.578951617606136,5.997006154626108,1042.9972787594875,5.449986235055847,0.27034399574596535,1
63.42318457600739,8.144184026692969,8.354971357226908,5.342681947831293,26,4.688248361378125,4.3868449979708055,1190.72005115102,9.553308163767849,0.022433842476483723,1
109.63261867552589,6.90233398670003,6.16169321681459,10.088138115383359,5,5.457476238148363,2.6240291393341977,532.9413492579131,6.423765927596151,0.48581320496178326,1
110.27192209725402,8.462522520576126,2.065553901083496,9.6335221427389,16,8.788645152161328,8.635284474584722,911.0072230483914,7.781600471617423,0.19865899719371538,1
176.981807577903,8.32601282944917,5.000909749603046,11.901855782259176,26,6.6848518722093795,3.0586804376987002,1260.0988745884524,8.77687826013945,0.6819416711675238,1
180.38757515004923,9.334607347311481,4.658743975770403,6.696328335544548,7,8.853599418556499,5.886884194616127,1883.9414532229011,8.499794456816355,0.893169103216956,0
570.1693920193673,8.204454818268305,2.9041097063078283,3.695280993296489,38,8.133215094760484,6.690098043101784,706.5459800104802,4.481852887913278,0.31218886501497034,0
552.4778485889774,4.69032429669921,6.725564025923202,9.630411535658743,28,7.785233642980369,8.897810714762223,456.4759578730373,9.358642451849995,0.5575729345795266,1
73.80871360545056,6.8966279005760445,5.075666218446257,9.1867917801553,36,6.409211378660433,4.420078574122561,1686.0862431931912,4.523289973567016,0.18315673356717077,0
472.8853546364357,9.803309306873468,7.2231346850575,9.267714722268629,15,6.002081859192462,4.076182863280266,1107.9750834871322,7.097176139371738,0.927145164617531,1
747.6058915025143,5.149041254953458,6.163521760327402,9.799166697791119,9,6.394342446325325,2.2432355773374706,672.878666838589,9.401894530174092,0.5235860660142261,0
479.9753471085219,8.425301258953779,4.554532793678316,9.322806404551327,7,9.261875392177611,7.71653084182262,1581.459232317865,8.999785580798779,0.4850072818605168,1
372.66626363284007,5.843390738020424,6.570504595066584,5.505775116579802,22,5.7377077521670214,4.800181231461382,1159.351424520969,8.528684747768907,0.3121515116646858,0
162.3687848129074,4.905463693519337,4.107638448050182,6.910973891574316,6,5.556930015782648,3.3009353800433336,337.72164239776856,5.812129218216442,0.6371012176337437,0
527.7597610810978,9.68982854716754,8.906782877976017,11.67069212168299,34,5.25701127905979,3.40381725716455,1105.2961973893384,3.595678548832652,0.45901426828025926,1
340.28886535046195,6.7716445103036405,5.420958606348773,9.809680908609373,29,4.723313804710879,6.892199794950704,682.5154690131617,7.040895007120404,0.5685131178855434,1
275.5663235463551,4.2753128711527975,7.056132918121083,11.69484277206514,17,9.041886986451281,2.20197038754391,1308.7067018621383,4.4083679490223435,0.8872182086212499,1
137.05455490603708,5.918065196003954,3.249489450729405,11.329982965109696,33,3.3218240222706865,7.357402567738637,1255.3877949509042,5.347549434660213,0.2770068266909106,0
276.3676045811218,9.17353929155587,7.4315098303531,10.119685908603259,12,9.596263315936293,4.836765397637757,458.743010506818,5.9833709964736945,0.22342683020933773,1
177.28649404802934,5.1703607602818265,3.0932414786202855,11.141128440442639,31,7.2909705440288315,2.808063204946501,1731.8496165823756,2.731068869086458,0.38590666370507154,0
309.5121716047703,4.29672178339695,5.399442038446476,7.433538993005618,16,8.784939228872451,7.589612636160022,826.9129946600569,7.430728357056947,0.11744544555205116,1
191.94052117868299,5.019397961221826,5.394430145561252,4.200931716121631,29,5.921096546175422,7.149130000286475,1326.6616715453827,5.056198230376502,0.04995321112739903,1
548.48240936559,7.8670818088579235,8.321415538934735,10.1844177476408,17,4.627099987912215,8.330212647055834,1456.9331969371615,3.445842856652808,0.20906283855721575,1
668.4179051401998,9.941945866277518,2.6476552193538945,4.586861907078424,7,8.066652453019948,8.238415884320391,1168.3509159392224,2.99656849513088,0.783794867714021,0
618.2381949663555,4.831048928241996,6.5843672352804115,3.632041320634717,5,5.854525740298566,5.192469236219357,1827.3819835460604,7.84229520431197,0.07711999774114309,0
364.60257339337613,4.704103230027396,2.014419957144571,7.846528383251218,15,8.113309849598544,7.057550509268184,1221.945433619857,9.159471319848201,0.7360157048590623,1
232.7482753664538,5.586313715336835,5.388533577601938,11.359981320943145,6,8.750049168084328,2.9030078054919377,336.00400257237743,3.7983950698999682,0.3352399012119104,1
476.83268248611546,4.822065714369291,3.3953138413633788,3.542529655588197,10,7.656913341861279,3.969206953013586,696.1693811838102,2.74335689846163,0.5041805666148901,0
723.6168783905478,9.135385195918836,4.90636051613698,11.874637968631276,18,8.918669918212053,3.9482859647981177,1251.0524163084308,3.8740221304013227,0.26775913927922934,1
606.02530497916,8.635345957332383,7.986917155903011,3.7001162773153657,34,7.972950127742891,4.325565982686301,983.3999869974261,4.219290686999071,0.010767265888369515,1
569.7121589897131,8.90753417481812,5.682104753526588,4.813987058838805,38,9.516093036743232,3.2382834256141653,761.2242487807877,9.66155176659601,0.11537016549859769,1
331.0307039242715,6.690809333943167,6.7912104222247915,7.199982341055769,20,3.8160978471058584,8.269898219911756,367.6473529202186,5.312198715015256,0.42862297265109417,0
182.2451461542764,9.794787213480815,5.224245552492787,7.138340944070016,35,4.986129830957146,6.953597355368871,640.3005670214743,8.10852927375226,0.09946289921653162,1
178.0138377329911,8.73706803867381,8.159170033814137,7.698065664823843,13,6.927542674478994,7.481380257466737,1348.3951385088974,8.83824409242715,0.8295871847351437,1
794.9395241307084,9.69037696679384,6.041034856809898,5.281061814717561,18,9.075410296249085,8.091069642209575,1718.4563688191708,1.4364110436900397,0.1553212793576304,1
173.02369083790322,4.979675097298931,3.3369333261804504,10.77249452619068,9,3.771474031214222,5.392367350449406,436.2288776626241,4.678107988679725,0.7166269391069822,1
682.0040966967721,8.543600012774913,7.443987708433206,9.574923496380455,10,8.077738262404987,7.561196588991396,1222.8624233602643,9.579947678369088,0.1466413406159338,1
633.5778720547752,9.170508149570772,3.346044687628377,8.461176585236505,14,4.136897965361772,8.353124693748583,1806.288118457428,7.835488978379194,0.6806753738388874,0
472.1000117476462,5.673655969529459,7.90026861750252,9.946536689860029,36,7.579191821949361,5.891547347281828,981.6234689725228,7.600065219648372,0.21960273244145467,1
734.623354595863,4.52599951373635,8.284847877293775,8.678507948552463,9,4.484492078366061,5.994521334527846,1411.0327770809884,1.4253657514409732,0.12997021122554298,0
736.8262938662652,6.651926571711175,6.557675680673954,6.748691996576721,8,7.643769709994439,2.5397937616708686,1743.317482418035,4.323301333880046,0.2671618346929304,1
689.1994468620849,8.828732791480965,7.331294655110642,5.104698129571782,7,3.3594922574003774,8.523259978946992,702.619601126382,6.196620758656781,0.39542229547724006,1
170.42288109723773,6.994268702581678,4.366947150833937,11.673138448283494,13,7.921606808087117,6.736506495161185,1099.5129267060715,1.5971460954427117,0.8202271930933591,0
296.57090759216953,9.190885522991785,3.029173472112687,8.178271701509388,5,7.588504397534936,3.221240900169108,815.1895852538004,2.714987067386931,0.3075599126842131,0
416.70045053832575,9.437890398045457,4.50470695983943,8.583921397992784,35,9.382999098493736,6.900987281523354,1601.198071533802,2.212066363437072,0.7991198665661287,0
346.1913836765822,7.186169856553644,2.7903619171331155,9.454214037870177,28,7.766443780347026,5.9670550694491045,1714.286322819008,7.1213360402429995,0.509081611202997,1
125.50776555332456,4.054402679329219,5.686261857950754,8.462544268140944,16,4.9285214074157855,7.1835000693213,1231.9817233446784,2.1345414482802703,0.6348982933583,0
685.9925116785804,8.564605619671102,4.205724726783249,10.508938549576994,33,3.009532957631628,3.160473348999588,548.775553001828,8.496643083972334,0.30539484323656196,1
268.44955100185587,8.05090868577003,4.336018633279832,6.352809207484137,31,9.023097619423396,8.784504419996264,1478.6050578968327,1.3868649171611866,0.42628604768235456,1
287.99183833908114,5.086997168477602,8.845931845853519,6.053811997938471,35,4.257795083305852,8.002286430331267,1603.8289149897053,9.453827679833221,0.3627484257014264,1
632.6297402250664,9.034897038154863,3.0055401509844373,11.525402909061597,19,5.030935610861782,7.840039056095076,1886.5803397561756,9.378538158636475,0.7566357946829558,0
305.2336707799231,5.6550028563799035,5.803388968663672,7.504276910922185,21,6.049497688432918,2.0054223133927653,502.48230905171386,9.438113786272929,0.5597527172734221,0
660.397132661821,8.800070867998414,6.349533426378041,7.224353590653838,15,4.330079824668771,3.0270357339653566,407.81189618151006,5.403966509005597,0.6748214160787048,0
137.98109770077886,6.696684008039375,7.701785544214709,10.559626400237736,25,4.960534494623417,2.6434547089084606,1542.5185602515592,8.26762277539321,0.2160799228200786,1
629.0932040052965,7.803517721900283,7.5990365335116685,9.273235232838106,15,3.728779073703641,4.159437384457085,741.033852518726,2.4330950016056656,0.5942625208663336,0
323.28440918544175,4.215052971137816,7.483219248991899,10.924192425340134,29,7.821477445941763,5.007234036664066,974.8356429467756,2.12468650065147,0.3555493807227722,0
251.0625237805905,4.761305077269025,6.5268215513322545,3.753831202354117,24,4.682226223497604,6.300262195754332,1243.406691369845,2.046112685953898,0.06590257454268034,0
494.090610684798,5.451860467527218,7.218919456212178,11.353622617931354,28,4.479348789468874,6.675427166572534,420.305267762882,4.827466559318163,0.8491219787997513,0
280.6774499623293,8.425724036272792,8.430966886001745,6.593176854986705,27,5.53167350855649,4.800264507571698,1516.8303011691155,6.162061394416209,0.03298089888124234,1
532.9303692408398,6.5946085016291836,4.398232375136567,11.217371771267317,32,4.108446451882548,3.6431454359940156,1792.8750192923512,8.467242195337613,0.10899720891041087,1
587.0327598136801,7.220721457071133,3.674280545693258,10.352446049564296,24,8.322766436874597,7.047172908704576,1406.193686333497,2.3647155824514217,0.10710601171218803,0
719.7144929683918,5.935385957224752,3.4404931528317593,5.470579754698685,23,9.649721011621994,4.356307397266454,1339.7200434532294,8.995023310093778,0.0712901466807393,1
289.7723134582611,6.566584286109992,6.118422075376889,4.3127237432084495,33,5.753560892089283,5.109770327096496,1177.9871049541284,1.3386675808299762,0.9990870085923278,0
748.9106703431869,7.800080412145038,3.929836910338137,7.3721775786214945,11,7.4144142715885195,8.8403309215198,615.7367362719788,5.67572356551053,0.4886540489643817,1
789.3699501994871,5.104793595923505,8.775209286359123,3.987814043949843,20,9.434900927389549,4.6074036012051796,815.9252431979892,5.882090375356964,0.19453521128746487,1
476.11620511548114,6.5171804157598565,5.376732867018564,10.348207543717393,21,7.620790614640147,3.773344554131545,1224.5408115642012,8.467206179115294,0.6134844154609153,0
327.0594243759466,8.063874086518174,8.438649335863394,9.944661673676404,25,5.742246533552189,4.038691293000134,1706.5389666417866,1.3285274891820493,0.7463265356893165,0
769.8981459561087,9.091389947227945,7.324428444144459,4.470982627221423,10,9.237464268222398,3.7621317999152577,1040.6597558723374,4.873678835935204,0.629614092493266,0
654.5894316744588,6.500330514599969,8.952550987053883,11.350772952229693,8,9.811611757258973,5.7118242914026105,1725.7454210601124,3.3483932208503138,0.18893552489550702,1
473.20801027751713,8.435045024190185,7.205494139526305,5.412729321657895,35,8.745155508270674,3.6149529242184943,1823.9920559761124,7.788800554534154,0.2560522443236247,1
559.3687377900701,4.443412651419502,5.13961442790205,10.60757583081033,15,5.7576897509736344,4.711022404008628,1973.128566702805,3.87716226151659,0.3796460022333671,0
676.7721495185735,7.2624345699776285,5.7060278643366935,7.4052477988650285,16,8.44483112974816,3.192509707163301,1282.1932480608834,6.272451445740203,0.46587318092371566,0
270.47874304760137,6.034597254721646,2.6336743779298124,3.7179835885978996,38,8.221319721759803,2.66754038942536,1783.1423378344005,2.559574041976071,0.07470171910489176,0
139.94799193344014,6.682579040710918,7.105924820393164,5.5227761921866945,33,5.207241396247547,2.512759935342819,1616.9244038307334,2.914372535500402,0.46604988968700056,0
439.8869292696709,4.9478042778887685,5.13705984966969,5.023081547392798,25,4.958291734529159,8.609904825697587,1633.8802846046215,5.004029383604235,0.6118731099867482,0
385.6011201852619,4.921710834749609,5.408082206877246,4.264204157689682,23,4.310474478186364,4.8985183718042755,1414.020648799728,3.428869716212783,0.8306863976671255,0
195.51836545290865,6.929282847569006,2.469680114339954,9.507145271093197,37,4.015232624253283,4.443562062729548,1723.0816228088815,1.3956467314962553,0.9686864234264301,0
354.08504519004424,7.835228400325405,7.577159380314372,4.395566439392441,7,3.6495766899975686,5.415290056578497,389.9843419115414,6.550805503715393,0.9107744112599259,0
425.5793960169763,9.120984342262748,3.303644736074469,7.1893377095722855,18,3.6349295909460917,4.871978411262458,1479.8602357989096,6.064460153761551,0.6145661149356012,0
418.49418924674734,9.542508382594825,3.9815430375462326,9.37453398885376,30,6.614507144195207,6.6164838389546725,1175.3218128935878,8.576550327410235,0.9987610448263912,0
467.49529060672774,8.351968386196386,6.375896381707934,11.337693268957326,9,4.805349723582459,5.0855860294301145,453.4179842387439,6.482915597795083,0.13289575811252408,1
429.6692843054571,6.032457552998771,7.189660408912914,4.72630768839817,18,5.372059380433306,4.722819100057915,1573.90252411135,7.506501547079371,0.21265888682876388,0
671.3830028496355,6.466765553704126,2.6553868042171502,10.004948341836025,39,6.623137475073593,2.2117780293401585,971.5056451606903,6.759369194632741,0.03238507406931146,0
90.0841026195163,7.687140525946652,3.7616804334761986,8.525831349624536,21,8.888449336264085,3.4478656913569306,744.8950102942185,5.190696089114355,0.9937565805318338,0
766.5649452875499,8.478971434675577,8.150122345368612,10.581760001272244,17,9.337689868702187,7.026200388785414,770.2381207138694,7.16805926076546,0.5277972793000362,1
136.79815827295823,6.916448274753078,8.452341360095055,11.045816800104088,16,3.109111676131826,3.697266736336279,1726.6090779720041,4.386139428989072,0.8299057800574454,0
77.13933196015766,8.039597232059187,5.575340593305768,9.079044617046904,5,5.7671843093788375,2.3986570098150346,1500.9061398227025,9.517480679420443,0.3447572290106502,1
770.3550659789737,5.830776641229872,8.97891471756595,7.403122342322115,19,6.384936316798859,3.7704213521461147,476.6950456448848,1.6513231604311471,0.1357125335094055,0
695.8469763203897,4.913638964280194,4.340603060867401,8.126567989850741,17,8.675529542270311,2.330262103708711,638.6124922475008,8.40978358404828,0.8194863395375959,0
769.517341841405,6.48809976907268,4.7650115857902335,5.4094066410246775,39,4.673572428175572,2.0115615363029655,1874.0391766452567,4.165664483502976,0.7034773128259861,0
796.1449405723255,4.289357478878696,5.8154130164768745,4.098000884086485,5,6.497787301969478,4.407354493712553,1700.6671443920595,5.698610542963179,0.3316949571623067,0
488.85475070023773,6.158128369262049,2.3058097288236405,4.38968444414103,25,4.26481803931917,6.893790659023328,688.754464467488,9.29430300552319,0.3105711884492651,0
461.5121106059721,6.237307970764585,4.698902021773358,9.99983840886431,31,3.345174572044293,3.943062737373546,1895.11306667495,2.5152097332384784,0.5771766205283437,0
245.24679875436857,9.650189482948733,6.775789310974598,6.148890001976252,38,7.773507594277978,3.4934286303377764,434.19947038192004,9.378104255125189,0.6189283330645575,1
139.16526431798792,5.914801729419285,2.233479906951313,6.888245977101047,34,6.0167342465662,6.182638872682086,1674.9404986586355,8.829420797065945,0.7698522286665075,0
656.1343038402914,9.124661046747194,8.47996478229922,7.7853879433068585,37,9.662173513609531,8.261651263216578,415.4976023929795,6.523770461561577,0.36530428263698445,1
565.2226900087987,6.447665958274427,6.441462147570887,9.089299483286988,28,6.081371453941448,5.811617651320059,1742.5475413927975,4.415664699276106,0.029371490124109,1
201.36456890657038,9.289048172252146,4.460236317389808,8.831520735898916,37,6.297786442005767,4.210387722928199,1992.3938628910323,7.997072027929569,0.7445868510770245,0
717.451351709519,9.512036438412249,2.7398467806925257,9.590172683584166,34,5.7320933424432745,2.730670752916036,1454.7002803118924,2.7941359502727057,0.7343694706110532,0
439.2758383838028,4.1858115902676,8.874978842515603,8.715401159782983,5,8.847045196807645,7.549990936282193,1039.9711098383632,9.344712630065752,0.1339247502619152,1
196.3380547082368,7.404366731907177,7.6869363194122595,4.5498518966614245,18,6.927733368104526,4.600951924980063,1611.508575194167,7.345227351090585,0.024008865771605215,1
425.5119394004718,9.31018826376593,8.633460056447658,5.882509503770141,27,7.370486650953028,4.813145122360482,474.4915656710924,3.780696700826951,0.40798536602050217,1
137.3694754191409,8.770102014084719,6.2090995976354995,3.629668213291944,27,6.626947860902138,5.463093913880574,967.8322287351672,9.808364802213523,0.9605690950478356,1
500.59263348908706,6.389683379890172,5.338549592842623,10.396694207550924,39,9.528643055232529,8.325389920011279,1372.2994535713792,1.5170616943940782,0.6949124134875578,0
663.6904401393571,7.734974513914632,2.4426270586785748,10.536840978676532,20,8.7062931352777,5.573954459360851,1342.475958924538,7.904895992098071,0.6062375565535014,0
230.57734614138326,5.83514762580765,7.262608536537437,5.773391917584366,6,6.711879827152433,7.790388007847107,1229.6880549271527,9.419783111824696,0.6780853575264147,1
468.6601097931562,7.567263992213263,2.3568664356985596,8.82630927807454,25,3.015768006693866,5.398299304307688,1290.6502418087423,7.9676180810718,0.9071814461296049,0
179.26027765770672,6.72702344859792,7.049294834190793,9.230380823025342,16,8.979555148788489,4.481752900121984,474.7011557482099,7.8979415269189825,0.17751108476256483,1
644.4758918804472,6.62802028502248,2.084744405272802,10.173319459221496,11,9.154447106160355,8.665200662448807,573.4416500115674,7.000399182597457,0.6588353614305466,1
273.2234531738118,9.040539384630389,5.4881567500820045,10.706542263994828,13,4.102933159434473,8.278452051443521,464.83694478345365,6.221480926372282,0.3332925092083927,1
777.3268069043094,8.62973978580054,3.0261536156561366,11.456999542243263,35,4.951306437190473,8.546837464336445,1575.0808228927035,7.59450373795078,0.27533818851995606,1
477.80523366618297,9.628483865846011,8.572773478050811,4.206656998447913,36,3.1784987492584813,2.5661888761198406,363.7270309743487,1.6567919921971235,0.2752185419028699,1
347.3023438347128,4.180458432692196,7.558784715855376,11.094302839808815,20,6.662709045336724,4.794038022028843,508.0309227196515,1.2234946856594497,0.381166389633683,0
481.449099105951,6.19719474096831,3.0885920843395724,10.404750410036527,27,7.26810102950554,6.467694501417155,606.0509521951019,5.994612624737497,0.029913898024995556,1
60.54643479575909,7.455028804546437,5.646185485075337,7.494127005017035,39,8.67962864331102,4.0679665044574485,520.1163943131436,2.7497597290003726,0.5088327714881811,1
648.5261257850937,5.619961174976504,6.751554224104466,8.23342164876722,39,7.190648567724381,5.836782133709714,1029.4091925468529,1.4114729725917834,0.6725157898073323,0
508.81754830463484,5.829086595197718,7.600054495319803,11.312332374434648,12,6.754922056528337,7.1984704966175865,1870.4824009158822,4.301519381624811,0.2029537993233964,1
732.9202435162132,5.776910154953255,6.267416505076553,10.78785880576971,20,4.67248940569302,8.648131812403959,1903.808195450768,8.258014516821518,0.1044769507897626,0
761.3850230585489,5.398724787452068,2.8200168906256073,4.205501769400278,38,4.224652211885122,6.602612868882895,949.4774818350035,4.698279102773051,0.8799045334347624,0
658.2049314037173,8.36840862553581,4.002409755517638,8.06310856451326,7,3.0845283100010987,8.294272348273822,1814.65597449323,1.2199160982619621,0.883501350549842,0
109.63995460840562,5.23367162228166,5.715225542778189,10.615374298931066,7,6.924351410700574,5.708940284855579,934.4050674320397,1.2752360117905588,0.6715484650809307,1
785.2446967051349,4.829221271377165,2.4374527819097818,9.54135075401867,38,7.5956142275478244,8.509996759677431,480.74373176118775,6.81275271103109,0.7512549069032172,0
605.9545301593183,5.139288529895984,7.772429637195104,9.71660819620876,14,8.91954711891714,6.787724065250192,1629.434711540007,1.592200653923555,0.3868221039762073,1
594.7284640350152,9.047279756211669,7.248784138555138,8.355696953906389,9,9.436747268789686,5.257695271193792,710.3389614276643,2.0045241982129776,0.09042264942688993,1
337.12329697041173,5.189177222681248,2.747045174981146,7.177624008845409,12,7.147593138523281,6.020469559241172,590.9239804642025,5.2626695737867415,0.5488281815096722,0
106.70615718473033,8.96169075494663,4.903811436900297,9.581410304194637,5,6.04917078629976,3.8230969062193845,1964.3895171710553,9.886586840121065,0.5357677943263389,1
407.2099099925681,8.057500746083948,3.7514554868178407,9.960458883216841,32,4.074608710391319,4.267988022979807,396.047666315133,4.406077952461608,0.5496730349684482,0
92.06436702456489,9.088930080914968,7.258303336133066,10.613651716989782,5,3.7085516444175273,6.7955062062408915,1229.2177042602375,6.346114258251401,0.10697096780782578,1
482.2108752359188,9.870987424532064,8.038122036300281,6.61372998901596,27,6.953023468713572,6.388770606794189,1611.2945544594575,5.316201329896353,0.236923065234532,1
636.8184241884312,9.232309681850424,8.533569871668558,7.67496021531503,28,8.292653595652405,7.186045426681643,1305.5148626363984,4.355032238863172,0.42218187049015254,1
410.49996550938357,7.838165572400699,8.529360142775598,6.487020387334631,38,8.629490925052739,8.361825874599441,1854.0186867401098,3.8483880540282795,0.07132031243322634,1
430.3080597776646,7.0633207634988056,8.405689589314118,5.287971152200721,28,4.595141633986971,7.916816022496418,499.57263647126047,8.392173417941898,0.2052445840242555,1
271.897293285303,8.294663708554818,3.202458297600771,3.9023847509649787,33,4.775337182144045,5.760053794330306,919.0675541821367,8.177421131288638,0.8848160040125417,0
59.77824283666162,5.93015853589858,6.578819088854969,11.846505362015098,6,9.788033682369871,4.639057450902021,1041.394060919516,9.606397012560143,0.34402249850093247,1
405.3010800567223,6.304754732577315,4.2133010667532105,6.20267320796844,26,3.254654828140859,6.973358057613641,962.2113522418952,7.078228678103457,0.4906056145708382,0
